<?xml version="1.0" encoding="UTF-8" ?>
<!-- This is a WordPress eXtended RSS file generated by WordPress as an export of your site. -->
<!-- It contains information about your site's posts, pages, comments, categories, and other content. -->
<!-- You may use this file to transfer that content from one site to another. -->
<!-- This file is not intended to serve as a complete backup of your site. -->

<!-- To import this information into a WordPress site follow these steps: -->
<!-- 1. Log in to that site as an administrator. -->
<!-- 2. Go to Tools: Import in the WordPress admin panel. -->
<!-- 3. Install the "WordPress" importer from the list. -->
<!-- 4. Activate & Run Importer. -->
<!-- 5. Upload this file using the form provided on that page. -->
<!-- 6. You will first be asked to map the authors in this export file to users -->
<!--    on the site. For each author, you may choose to map to an -->
<!--    existing user on the site or to create a new user. -->
<!-- 7. WordPress will then import each of the posts, pages, comments, categories, etc. -->
<!--    contained in this file into your site. -->

<!-- generator="WordPress/4.8.3" created="2017-11-02 00:57" -->
<rss version="2.0"
	xmlns:excerpt="http://wordpress.org/export/1.2/excerpt/"
	xmlns:content="http://purl.org/rss/1.0/modules/content/"
	xmlns:wfw="http://wellformedweb.org/CommentAPI/"
	xmlns:dc="http://purl.org/dc/elements/1.1/"
	xmlns:wp="http://wordpress.org/export/1.2/"
>

<channel>
	<title>H Rae Moore</title>
	<link>http://localhost:8888/wordpress</link>
	<description>Projects Portfolio</description>
	<pubDate>Thu, 02 Nov 2017 00:57:23 +0000</pubDate>
	<language>en-US</language>
	<wp:wxr_version>1.2</wp:wxr_version>
	<wp:base_site_url>http://localhost:8888/wordpress</wp:base_site_url>
	<wp:base_blog_url>http://localhost:8888/wordpress</wp:base_blog_url>

	<wp:author><wp:author_id>1</wp:author_id><wp:author_login><![CDATA[hrmoore927]]></wp:author_login><wp:author_email><![CDATA[hrmoore927@gmail.com]]></wp:author_email><wp:author_display_name><![CDATA[hrmoore927]]></wp:author_display_name><wp:author_first_name><![CDATA[]]></wp:author_first_name><wp:author_last_name><![CDATA[]]></wp:author_last_name></wp:author>

	<wp:category>
		<wp:term_id>2</wp:term_id>
		<wp:category_nicename><![CDATA[guides]]></wp:category_nicename>
		<wp:category_parent><![CDATA[]]></wp:category_parent>
		<wp:cat_name><![CDATA[Guides]]></wp:cat_name>
	</wp:category>
	<wp:category>
		<wp:term_id>3</wp:term_id>
		<wp:category_nicename><![CDATA[technical-writings]]></wp:category_nicename>
		<wp:category_parent><![CDATA[]]></wp:category_parent>
		<wp:cat_name><![CDATA[Technical Writings]]></wp:cat_name>
	</wp:category>
	<wp:category>
		<wp:term_id>1</wp:term_id>
		<wp:category_nicename><![CDATA[uncategorized]]></wp:category_nicename>
		<wp:category_parent><![CDATA[]]></wp:category_parent>
		<wp:cat_name><![CDATA[Uncategorized]]></wp:cat_name>
	</wp:category>
	<wp:tag>
		<wp:term_id>4</wp:term_id>
		<wp:tag_slug><![CDATA[beginner]]></wp:tag_slug>
		<wp:tag_name><![CDATA[beginner]]></wp:tag_name>
	</wp:tag>
	<wp:tag>
		<wp:term_id>5</wp:term_id>
		<wp:tag_slug><![CDATA[blog]]></wp:tag_slug>
		<wp:tag_name><![CDATA[blog]]></wp:tag_name>
	</wp:tag>
	<wp:tag>
		<wp:term_id>6</wp:term_id>
		<wp:tag_slug><![CDATA[cms]]></wp:tag_slug>
		<wp:tag_name><![CDATA[CMS]]></wp:tag_name>
	</wp:tag>
	<wp:tag>
		<wp:term_id>7</wp:term_id>
		<wp:tag_slug><![CDATA[coding]]></wp:tag_slug>
		<wp:tag_name><![CDATA[coding]]></wp:tag_name>
	</wp:tag>
	<wp:tag>
		<wp:term_id>8</wp:term_id>
		<wp:tag_slug><![CDATA[coding-standards]]></wp:tag_slug>
		<wp:tag_name><![CDATA[coding standards]]></wp:tag_name>
	</wp:tag>
	<wp:tag>
		<wp:term_id>9</wp:term_id>
		<wp:tag_slug><![CDATA[content-management-system]]></wp:tag_slug>
		<wp:tag_name><![CDATA[content management system]]></wp:tag_name>
	</wp:tag>
	<wp:tag>
		<wp:term_id>10</wp:term_id>
		<wp:tag_slug><![CDATA[css]]></wp:tag_slug>
		<wp:tag_name><![CDATA[CSS]]></wp:tag_name>
	</wp:tag>
	<wp:tag>
		<wp:term_id>11</wp:term_id>
		<wp:tag_slug><![CDATA[database]]></wp:tag_slug>
		<wp:tag_name><![CDATA[database]]></wp:tag_name>
	</wp:tag>
	<wp:tag>
		<wp:term_id>12</wp:term_id>
		<wp:tag_slug><![CDATA[drupal]]></wp:tag_slug>
		<wp:tag_name><![CDATA[drupal]]></wp:tag_name>
	</wp:tag>
	<wp:tag>
		<wp:term_id>13</wp:term_id>
		<wp:tag_slug><![CDATA[html]]></wp:tag_slug>
		<wp:tag_name><![CDATA[HTML]]></wp:tag_name>
	</wp:tag>
	<wp:tag>
		<wp:term_id>14</wp:term_id>
		<wp:tag_slug><![CDATA[install]]></wp:tag_slug>
		<wp:tag_name><![CDATA[install]]></wp:tag_name>
	</wp:tag>
	<wp:tag>
		<wp:term_id>15</wp:term_id>
		<wp:tag_slug><![CDATA[installation]]></wp:tag_slug>
		<wp:tag_name><![CDATA[installation]]></wp:tag_name>
	</wp:tag>
	<wp:tag>
		<wp:term_id>16</wp:term_id>
		<wp:tag_slug><![CDATA[javascript]]></wp:tag_slug>
		<wp:tag_name><![CDATA[JavaScript]]></wp:tag_name>
	</wp:tag>
	<wp:tag>
		<wp:term_id>17</wp:term_id>
		<wp:tag_slug><![CDATA[joomla]]></wp:tag_slug>
		<wp:tag_name><![CDATA[joomla]]></wp:tag_name>
	</wp:tag>
	<wp:tag>
		<wp:term_id>18</wp:term_id>
		<wp:tag_slug><![CDATA[magento]]></wp:tag_slug>
		<wp:tag_name><![CDATA[magento]]></wp:tag_name>
	</wp:tag>
	<wp:tag>
		<wp:term_id>19</wp:term_id>
		<wp:tag_slug><![CDATA[php]]></wp:tag_slug>
		<wp:tag_name><![CDATA[PHP]]></wp:tag_name>
	</wp:tag>
	<wp:tag>
		<wp:term_id>20</wp:term_id>
		<wp:tag_slug><![CDATA[showit]]></wp:tag_slug>
		<wp:tag_name><![CDATA[showit]]></wp:tag_name>
	</wp:tag>
	<wp:tag>
		<wp:term_id>21</wp:term_id>
		<wp:tag_slug><![CDATA[standards]]></wp:tag_slug>
		<wp:tag_name><![CDATA[standards]]></wp:tag_name>
	</wp:tag>
	<wp:tag>
		<wp:term_id>22</wp:term_id>
		<wp:tag_slug><![CDATA[wordpress]]></wp:tag_slug>
		<wp:tag_name><![CDATA[wordpress]]></wp:tag_name>
	</wp:tag>
	<wp:term>
		<wp:term_id><![CDATA[4]]></wp:term_id>
		<wp:term_taxonomy><![CDATA[post_tag]]></wp:term_taxonomy>
		<wp:term_slug><![CDATA[beginner]]></wp:term_slug>
		<wp:term_parent><![CDATA[]]></wp:term_parent>
		<wp:term_name><![CDATA[beginner]]></wp:term_name>
	</wp:term>
	<wp:term>
		<wp:term_id><![CDATA[5]]></wp:term_id>
		<wp:term_taxonomy><![CDATA[post_tag]]></wp:term_taxonomy>
		<wp:term_slug><![CDATA[blog]]></wp:term_slug>
		<wp:term_parent><![CDATA[]]></wp:term_parent>
		<wp:term_name><![CDATA[blog]]></wp:term_name>
	</wp:term>
	<wp:term>
		<wp:term_id><![CDATA[6]]></wp:term_id>
		<wp:term_taxonomy><![CDATA[post_tag]]></wp:term_taxonomy>
		<wp:term_slug><![CDATA[cms]]></wp:term_slug>
		<wp:term_parent><![CDATA[]]></wp:term_parent>
		<wp:term_name><![CDATA[CMS]]></wp:term_name>
	</wp:term>
	<wp:term>
		<wp:term_id><![CDATA[7]]></wp:term_id>
		<wp:term_taxonomy><![CDATA[post_tag]]></wp:term_taxonomy>
		<wp:term_slug><![CDATA[coding]]></wp:term_slug>
		<wp:term_parent><![CDATA[]]></wp:term_parent>
		<wp:term_name><![CDATA[coding]]></wp:term_name>
	</wp:term>
	<wp:term>
		<wp:term_id><![CDATA[8]]></wp:term_id>
		<wp:term_taxonomy><![CDATA[post_tag]]></wp:term_taxonomy>
		<wp:term_slug><![CDATA[coding-standards]]></wp:term_slug>
		<wp:term_parent><![CDATA[]]></wp:term_parent>
		<wp:term_name><![CDATA[coding standards]]></wp:term_name>
	</wp:term>
	<wp:term>
		<wp:term_id><![CDATA[9]]></wp:term_id>
		<wp:term_taxonomy><![CDATA[post_tag]]></wp:term_taxonomy>
		<wp:term_slug><![CDATA[content-management-system]]></wp:term_slug>
		<wp:term_parent><![CDATA[]]></wp:term_parent>
		<wp:term_name><![CDATA[content management system]]></wp:term_name>
	</wp:term>
	<wp:term>
		<wp:term_id><![CDATA[10]]></wp:term_id>
		<wp:term_taxonomy><![CDATA[post_tag]]></wp:term_taxonomy>
		<wp:term_slug><![CDATA[css]]></wp:term_slug>
		<wp:term_parent><![CDATA[]]></wp:term_parent>
		<wp:term_name><![CDATA[CSS]]></wp:term_name>
	</wp:term>
	<wp:term>
		<wp:term_id><![CDATA[11]]></wp:term_id>
		<wp:term_taxonomy><![CDATA[post_tag]]></wp:term_taxonomy>
		<wp:term_slug><![CDATA[database]]></wp:term_slug>
		<wp:term_parent><![CDATA[]]></wp:term_parent>
		<wp:term_name><![CDATA[database]]></wp:term_name>
	</wp:term>
	<wp:term>
		<wp:term_id><![CDATA[12]]></wp:term_id>
		<wp:term_taxonomy><![CDATA[post_tag]]></wp:term_taxonomy>
		<wp:term_slug><![CDATA[drupal]]></wp:term_slug>
		<wp:term_parent><![CDATA[]]></wp:term_parent>
		<wp:term_name><![CDATA[drupal]]></wp:term_name>
	</wp:term>
	<wp:term>
		<wp:term_id><![CDATA[30]]></wp:term_id>
		<wp:term_taxonomy><![CDATA[product_visibility]]></wp:term_taxonomy>
		<wp:term_slug><![CDATA[exclude-from-catalog]]></wp:term_slug>
		<wp:term_parent><![CDATA[]]></wp:term_parent>
		<wp:term_name><![CDATA[exclude-from-catalog]]></wp:term_name>
	</wp:term>
	<wp:term>
		<wp:term_id><![CDATA[29]]></wp:term_id>
		<wp:term_taxonomy><![CDATA[product_visibility]]></wp:term_taxonomy>
		<wp:term_slug><![CDATA[exclude-from-search]]></wp:term_slug>
		<wp:term_parent><![CDATA[]]></wp:term_parent>
		<wp:term_name><![CDATA[exclude-from-search]]></wp:term_name>
	</wp:term>
	<wp:term>
		<wp:term_id><![CDATA[28]]></wp:term_id>
		<wp:term_taxonomy><![CDATA[product_type]]></wp:term_taxonomy>
		<wp:term_slug><![CDATA[external]]></wp:term_slug>
		<wp:term_parent><![CDATA[]]></wp:term_parent>
		<wp:term_name><![CDATA[external]]></wp:term_name>
	</wp:term>
	<wp:term>
		<wp:term_id><![CDATA[31]]></wp:term_id>
		<wp:term_taxonomy><![CDATA[product_visibility]]></wp:term_taxonomy>
		<wp:term_slug><![CDATA[featured]]></wp:term_slug>
		<wp:term_parent><![CDATA[]]></wp:term_parent>
		<wp:term_name><![CDATA[featured]]></wp:term_name>
	</wp:term>
	<wp:term>
		<wp:term_id><![CDATA[26]]></wp:term_id>
		<wp:term_taxonomy><![CDATA[product_type]]></wp:term_taxonomy>
		<wp:term_slug><![CDATA[grouped]]></wp:term_slug>
		<wp:term_parent><![CDATA[]]></wp:term_parent>
		<wp:term_name><![CDATA[grouped]]></wp:term_name>
	</wp:term>
	<wp:term>
		<wp:term_id><![CDATA[2]]></wp:term_id>
		<wp:term_taxonomy><![CDATA[category]]></wp:term_taxonomy>
		<wp:term_slug><![CDATA[guides]]></wp:term_slug>
		<wp:term_parent><![CDATA[]]></wp:term_parent>
		<wp:term_name><![CDATA[Guides]]></wp:term_name>
	</wp:term>
	<wp:term>
		<wp:term_id><![CDATA[13]]></wp:term_id>
		<wp:term_taxonomy><![CDATA[post_tag]]></wp:term_taxonomy>
		<wp:term_slug><![CDATA[html]]></wp:term_slug>
		<wp:term_parent><![CDATA[]]></wp:term_parent>
		<wp:term_name><![CDATA[HTML]]></wp:term_name>
	</wp:term>
	<wp:term>
		<wp:term_id><![CDATA[14]]></wp:term_id>
		<wp:term_taxonomy><![CDATA[post_tag]]></wp:term_taxonomy>
		<wp:term_slug><![CDATA[install]]></wp:term_slug>
		<wp:term_parent><![CDATA[]]></wp:term_parent>
		<wp:term_name><![CDATA[install]]></wp:term_name>
	</wp:term>
	<wp:term>
		<wp:term_id><![CDATA[15]]></wp:term_id>
		<wp:term_taxonomy><![CDATA[post_tag]]></wp:term_taxonomy>
		<wp:term_slug><![CDATA[installation]]></wp:term_slug>
		<wp:term_parent><![CDATA[]]></wp:term_parent>
		<wp:term_name><![CDATA[installation]]></wp:term_name>
	</wp:term>
	<wp:term>
		<wp:term_id><![CDATA[16]]></wp:term_id>
		<wp:term_taxonomy><![CDATA[post_tag]]></wp:term_taxonomy>
		<wp:term_slug><![CDATA[javascript]]></wp:term_slug>
		<wp:term_parent><![CDATA[]]></wp:term_parent>
		<wp:term_name><![CDATA[JavaScript]]></wp:term_name>
	</wp:term>
	<wp:term>
		<wp:term_id><![CDATA[17]]></wp:term_id>
		<wp:term_taxonomy><![CDATA[post_tag]]></wp:term_taxonomy>
		<wp:term_slug><![CDATA[joomla]]></wp:term_slug>
		<wp:term_parent><![CDATA[]]></wp:term_parent>
		<wp:term_name><![CDATA[joomla]]></wp:term_name>
	</wp:term>
	<wp:term>
		<wp:term_id><![CDATA[18]]></wp:term_id>
		<wp:term_taxonomy><![CDATA[post_tag]]></wp:term_taxonomy>
		<wp:term_slug><![CDATA[magento]]></wp:term_slug>
		<wp:term_parent><![CDATA[]]></wp:term_parent>
		<wp:term_name><![CDATA[magento]]></wp:term_name>
	</wp:term>
	<wp:term>
		<wp:term_id><![CDATA[38]]></wp:term_id>
		<wp:term_taxonomy><![CDATA[nav_menu]]></wp:term_taxonomy>
		<wp:term_slug><![CDATA[main-menu]]></wp:term_slug>
		<wp:term_parent><![CDATA[]]></wp:term_parent>
		<wp:term_name><![CDATA[Main Menu]]></wp:term_name>
	</wp:term>
	<wp:term>
		<wp:term_id><![CDATA[32]]></wp:term_id>
		<wp:term_taxonomy><![CDATA[product_visibility]]></wp:term_taxonomy>
		<wp:term_slug><![CDATA[outofstock]]></wp:term_slug>
		<wp:term_parent><![CDATA[]]></wp:term_parent>
		<wp:term_name><![CDATA[outofstock]]></wp:term_name>
	</wp:term>
	<wp:term>
		<wp:term_id><![CDATA[19]]></wp:term_id>
		<wp:term_taxonomy><![CDATA[post_tag]]></wp:term_taxonomy>
		<wp:term_slug><![CDATA[php]]></wp:term_slug>
		<wp:term_parent><![CDATA[]]></wp:term_parent>
		<wp:term_name><![CDATA[PHP]]></wp:term_name>
	</wp:term>
	<wp:term>
		<wp:term_id><![CDATA[23]]></wp:term_id>
		<wp:term_taxonomy><![CDATA[nav_menu]]></wp:term_taxonomy>
		<wp:term_slug><![CDATA[primary]]></wp:term_slug>
		<wp:term_parent><![CDATA[]]></wp:term_parent>
		<wp:term_name><![CDATA[Primary]]></wp:term_name>
	</wp:term>
	<wp:term>
		<wp:term_id><![CDATA[33]]></wp:term_id>
		<wp:term_taxonomy><![CDATA[product_visibility]]></wp:term_taxonomy>
		<wp:term_slug><![CDATA[rated-1]]></wp:term_slug>
		<wp:term_parent><![CDATA[]]></wp:term_parent>
		<wp:term_name><![CDATA[rated-1]]></wp:term_name>
	</wp:term>
	<wp:term>
		<wp:term_id><![CDATA[34]]></wp:term_id>
		<wp:term_taxonomy><![CDATA[product_visibility]]></wp:term_taxonomy>
		<wp:term_slug><![CDATA[rated-2]]></wp:term_slug>
		<wp:term_parent><![CDATA[]]></wp:term_parent>
		<wp:term_name><![CDATA[rated-2]]></wp:term_name>
	</wp:term>
	<wp:term>
		<wp:term_id><![CDATA[35]]></wp:term_id>
		<wp:term_taxonomy><![CDATA[product_visibility]]></wp:term_taxonomy>
		<wp:term_slug><![CDATA[rated-3]]></wp:term_slug>
		<wp:term_parent><![CDATA[]]></wp:term_parent>
		<wp:term_name><![CDATA[rated-3]]></wp:term_name>
	</wp:term>
	<wp:term>
		<wp:term_id><![CDATA[36]]></wp:term_id>
		<wp:term_taxonomy><![CDATA[product_visibility]]></wp:term_taxonomy>
		<wp:term_slug><![CDATA[rated-4]]></wp:term_slug>
		<wp:term_parent><![CDATA[]]></wp:term_parent>
		<wp:term_name><![CDATA[rated-4]]></wp:term_name>
	</wp:term>
	<wp:term>
		<wp:term_id><![CDATA[37]]></wp:term_id>
		<wp:term_taxonomy><![CDATA[product_visibility]]></wp:term_taxonomy>
		<wp:term_slug><![CDATA[rated-5]]></wp:term_slug>
		<wp:term_parent><![CDATA[]]></wp:term_parent>
		<wp:term_name><![CDATA[rated-5]]></wp:term_name>
	</wp:term>
	<wp:term>
		<wp:term_id><![CDATA[20]]></wp:term_id>
		<wp:term_taxonomy><![CDATA[post_tag]]></wp:term_taxonomy>
		<wp:term_slug><![CDATA[showit]]></wp:term_slug>
		<wp:term_parent><![CDATA[]]></wp:term_parent>
		<wp:term_name><![CDATA[showit]]></wp:term_name>
	</wp:term>
	<wp:term>
		<wp:term_id><![CDATA[25]]></wp:term_id>
		<wp:term_taxonomy><![CDATA[product_type]]></wp:term_taxonomy>
		<wp:term_slug><![CDATA[simple]]></wp:term_slug>
		<wp:term_parent><![CDATA[]]></wp:term_parent>
		<wp:term_name><![CDATA[simple]]></wp:term_name>
	</wp:term>
	<wp:term>
		<wp:term_id><![CDATA[24]]></wp:term_id>
		<wp:term_taxonomy><![CDATA[nav_menu]]></wp:term_taxonomy>
		<wp:term_slug><![CDATA[social-media]]></wp:term_slug>
		<wp:term_parent><![CDATA[]]></wp:term_parent>
		<wp:term_name><![CDATA[Social Media]]></wp:term_name>
	</wp:term>
	<wp:term>
		<wp:term_id><![CDATA[21]]></wp:term_id>
		<wp:term_taxonomy><![CDATA[post_tag]]></wp:term_taxonomy>
		<wp:term_slug><![CDATA[standards]]></wp:term_slug>
		<wp:term_parent><![CDATA[]]></wp:term_parent>
		<wp:term_name><![CDATA[standards]]></wp:term_name>
	</wp:term>
	<wp:term>
		<wp:term_id><![CDATA[39]]></wp:term_id>
		<wp:term_taxonomy><![CDATA[nav_menu]]></wp:term_taxonomy>
		<wp:term_slug><![CDATA[sub-menu]]></wp:term_slug>
		<wp:term_parent><![CDATA[]]></wp:term_parent>
		<wp:term_name><![CDATA[Sub Menu]]></wp:term_name>
	</wp:term>
	<wp:term>
		<wp:term_id><![CDATA[3]]></wp:term_id>
		<wp:term_taxonomy><![CDATA[category]]></wp:term_taxonomy>
		<wp:term_slug><![CDATA[technical-writings]]></wp:term_slug>
		<wp:term_parent><![CDATA[]]></wp:term_parent>
		<wp:term_name><![CDATA[Technical Writings]]></wp:term_name>
	</wp:term>
	<wp:term>
		<wp:term_id><![CDATA[1]]></wp:term_id>
		<wp:term_taxonomy><![CDATA[category]]></wp:term_taxonomy>
		<wp:term_slug><![CDATA[uncategorized]]></wp:term_slug>
		<wp:term_parent><![CDATA[]]></wp:term_parent>
		<wp:term_name><![CDATA[Uncategorized]]></wp:term_name>
	</wp:term>
	<wp:term>
		<wp:term_id><![CDATA[27]]></wp:term_id>
		<wp:term_taxonomy><![CDATA[product_type]]></wp:term_taxonomy>
		<wp:term_slug><![CDATA[variable]]></wp:term_slug>
		<wp:term_parent><![CDATA[]]></wp:term_parent>
		<wp:term_name><![CDATA[variable]]></wp:term_name>
	</wp:term>
	<wp:term>
		<wp:term_id><![CDATA[22]]></wp:term_id>
		<wp:term_taxonomy><![CDATA[post_tag]]></wp:term_taxonomy>
		<wp:term_slug><![CDATA[wordpress]]></wp:term_slug>
		<wp:term_parent><![CDATA[]]></wp:term_parent>
		<wp:term_name><![CDATA[wordpress]]></wp:term_name>
	</wp:term>
	<wp:term><wp:term_id>38</wp:term_id><wp:term_taxonomy>nav_menu</wp:term_taxonomy><wp:term_slug><![CDATA[main-menu]]></wp:term_slug><wp:term_name><![CDATA[Main Menu]]></wp:term_name>
</wp:term>
	<wp:term><wp:term_id>23</wp:term_id><wp:term_taxonomy>nav_menu</wp:term_taxonomy><wp:term_slug><![CDATA[primary]]></wp:term_slug><wp:term_name><![CDATA[Primary]]></wp:term_name>
</wp:term>
	<wp:term><wp:term_id>24</wp:term_id><wp:term_taxonomy>nav_menu</wp:term_taxonomy><wp:term_slug><![CDATA[social-media]]></wp:term_slug><wp:term_name><![CDATA[Social Media]]></wp:term_name>
</wp:term>
	<wp:term><wp:term_id>39</wp:term_id><wp:term_taxonomy>nav_menu</wp:term_taxonomy><wp:term_slug><![CDATA[sub-menu]]></wp:term_slug><wp:term_name><![CDATA[Sub Menu]]></wp:term_name>
</wp:term>

	<generator>https://wordpress.org/?v=4.8.3</generator>

	<item>
		<title>Home</title>
		<link>http://localhost:8888/wordpress/home/</link>
		<pubDate>Thu, 14 Sep 2017 18:55:08 +0000</pubDate>
		<dc:creator><![CDATA[hrmoore927]]></dc:creator>
		<guid isPermaLink="false">http://localhost:8888/wordpress/2017/09/14/home/</guid>
		<description></description>
		<content:encoded><![CDATA[]]></content:encoded>
		<excerpt:encoded><![CDATA[]]></excerpt:encoded>
		<wp:post_id>400</wp:post_id>
		<wp:post_date><![CDATA[2017-09-14 14:55:08]]></wp:post_date>
		<wp:post_date_gmt><![CDATA[2017-09-14 18:55:08]]></wp:post_date_gmt>
		<wp:comment_status><![CDATA[closed]]></wp:comment_status>
		<wp:ping_status><![CDATA[closed]]></wp:ping_status>
		<wp:post_name><![CDATA[home]]></wp:post_name>
		<wp:status><![CDATA[publish]]></wp:status>
		<wp:post_parent>0</wp:post_parent>
		<wp:menu_order>1</wp:menu_order>
		<wp:post_type><![CDATA[nav_menu_item]]></wp:post_type>
		<wp:post_password><![CDATA[]]></wp:post_password>
		<wp:is_sticky>0</wp:is_sticky>
		<category domain="nav_menu" nicename="primary"><![CDATA[Primary]]></category>
		<wp:postmeta>
			<wp:meta_key><![CDATA[_menu_item_type]]></wp:meta_key>
			<wp:meta_value><![CDATA[custom]]></wp:meta_value>
		</wp:postmeta>
		<wp:postmeta>
			<wp:meta_key><![CDATA[_menu_item_menu_item_parent]]></wp:meta_key>
			<wp:meta_value><![CDATA[0]]></wp:meta_value>
		</wp:postmeta>
		<wp:postmeta>
			<wp:meta_key><![CDATA[_menu_item_object_id]]></wp:meta_key>
			<wp:meta_value><![CDATA[400]]></wp:meta_value>
		</wp:postmeta>
		<wp:postmeta>
			<wp:meta_key><![CDATA[_menu_item_object]]></wp:meta_key>
			<wp:meta_value><![CDATA[custom]]></wp:meta_value>
		</wp:postmeta>
		<wp:postmeta>
			<wp:meta_key><![CDATA[_menu_item_target]]></wp:meta_key>
			<wp:meta_value><![CDATA[]]></wp:meta_value>
		</wp:postmeta>
		<wp:postmeta>
			<wp:meta_key><![CDATA[_menu_item_classes]]></wp:meta_key>
			<wp:meta_value><![CDATA[a:1:{i:0;s:0:"";}]]></wp:meta_value>
		</wp:postmeta>
		<wp:postmeta>
			<wp:meta_key><![CDATA[_menu_item_xfn]]></wp:meta_key>
			<wp:meta_value><![CDATA[]]></wp:meta_value>
		</wp:postmeta>
		<wp:postmeta>
			<wp:meta_key><![CDATA[_menu_item_url]]></wp:meta_key>
			<wp:meta_value><![CDATA[http://localhost:8888/wordpress]]></wp:meta_value>
		</wp:postmeta>
	</item>
	<item>
		<title>baskerville</title>
		<link>http://localhost:8888/wordpress/baskerville/</link>
		<pubDate>Thu, 14 Sep 2017 21:37:09 +0000</pubDate>
		<dc:creator><![CDATA[hrmoore927]]></dc:creator>
		<guid isPermaLink="false">http://localhost:8888/wordpress/2017/09/14/baskerville/</guid>
		<description></description>
		<content:encoded><![CDATA[/*
You can add your own CSS here.

Click the help icon above to learn more.
*/
body {
	font-family: 'Montserrat', 'Arial', sans-serif;
}]]></content:encoded>
		<excerpt:encoded><![CDATA[]]></excerpt:encoded>
		<wp:post_id>404</wp:post_id>
		<wp:post_date><![CDATA[2017-09-14 17:37:09]]></wp:post_date>
		<wp:post_date_gmt><![CDATA[2017-09-14 21:37:09]]></wp:post_date_gmt>
		<wp:comment_status><![CDATA[closed]]></wp:comment_status>
		<wp:ping_status><![CDATA[closed]]></wp:ping_status>
		<wp:post_name><![CDATA[baskerville]]></wp:post_name>
		<wp:status><![CDATA[publish]]></wp:status>
		<wp:post_parent>0</wp:post_parent>
		<wp:menu_order>0</wp:menu_order>
		<wp:post_type><![CDATA[custom_css]]></wp:post_type>
		<wp:post_password><![CDATA[]]></wp:post_password>
		<wp:is_sticky>0</wp:is_sticky>
	</item>
	<item>
		<title>parrot</title>
		<link>http://localhost:8888/wordpress/nature-tour/parrot/</link>
		<pubDate>Mon, 23 Oct 2017 14:45:00 +0000</pubDate>
		<dc:creator><![CDATA[hrmoore927]]></dc:creator>
		<guid isPermaLink="false">http://localhost:8888/wordpress/wp-content/uploads/2017/10/parrot.png</guid>
		<description></description>
		<content:encoded><![CDATA[]]></content:encoded>
		<excerpt:encoded><![CDATA[]]></excerpt:encoded>
		<wp:post_id>492</wp:post_id>
		<wp:post_date><![CDATA[2017-10-23 10:45:00]]></wp:post_date>
		<wp:post_date_gmt><![CDATA[2017-10-23 14:45:00]]></wp:post_date_gmt>
		<wp:comment_status><![CDATA[open]]></wp:comment_status>
		<wp:ping_status><![CDATA[closed]]></wp:ping_status>
		<wp:post_name><![CDATA[parrot]]></wp:post_name>
		<wp:status><![CDATA[inherit]]></wp:status>
		<wp:post_parent>483</wp:post_parent>
		<wp:menu_order>0</wp:menu_order>
		<wp:post_type><![CDATA[attachment]]></wp:post_type>
		<wp:post_password><![CDATA[]]></wp:post_password>
		<wp:is_sticky>0</wp:is_sticky>
		<wp:attachment_url><![CDATA[http://localhost:8888/wordpress/wp-content/uploads/2017/10/parrot.png]]></wp:attachment_url>
		<wp:postmeta>
			<wp:meta_key><![CDATA[_wp_attached_file]]></wp:meta_key>
			<wp:meta_value><![CDATA[2017/10/parrot.png]]></wp:meta_value>
		</wp:postmeta>
		<wp:postmeta>
			<wp:meta_key><![CDATA[_wp_attachment_metadata]]></wp:meta_key>
			<wp:meta_value><![CDATA[a:5:{s:5:"width";i:341;s:6:"height";i:164;s:4:"file";s:18:"2017/10/parrot.png";s:5:"sizes";a:4:{s:9:"thumbnail";a:4:{s:4:"file";s:18:"parrot-150x150.png";s:5:"width";i:150;s:6:"height";i:150;s:9:"mime-type";s:9:"image/png";}s:6:"medium";a:4:{s:4:"file";s:18:"parrot-300x144.png";s:5:"width";i:300;s:6:"height";i:144;s:9:"mime-type";s:9:"image/png";}s:14:"shop_thumbnail";a:4:{s:4:"file";s:18:"parrot-180x164.png";s:5:"width";i:180;s:6:"height";i:164;s:9:"mime-type";s:9:"image/png";}s:12:"shop_catalog";a:4:{s:4:"file";s:18:"parrot-300x164.png";s:5:"width";i:300;s:6:"height";i:164;s:9:"mime-type";s:9:"image/png";}}s:10:"image_meta";a:12:{s:8:"aperture";s:1:"0";s:6:"credit";s:0:"";s:6:"camera";s:0:"";s:7:"caption";s:0:"";s:17:"created_timestamp";s:1:"0";s:9:"copyright";s:0:"";s:12:"focal_length";s:1:"0";s:3:"iso";s:1:"0";s:13:"shutter_speed";s:1:"0";s:5:"title";s:0:"";s:11:"orientation";s:1:"0";s:8:"keywords";a:0:{}}}]]></wp:meta_value>
		</wp:postmeta>
	</item>
	<item>
		<title>bear</title>
		<link>http://localhost:8888/wordpress/bears-holidays/bear/</link>
		<pubDate>Tue, 24 Oct 2017 16:23:08 +0000</pubDate>
		<dc:creator><![CDATA[hrmoore927]]></dc:creator>
		<guid isPermaLink="false">http://localhost:8888/wordpress/wp-content/uploads/2017/10/bear.png</guid>
		<description></description>
		<content:encoded><![CDATA[]]></content:encoded>
		<excerpt:encoded><![CDATA[]]></excerpt:encoded>
		<wp:post_id>499</wp:post_id>
		<wp:post_date><![CDATA[2017-10-24 12:23:08]]></wp:post_date>
		<wp:post_date_gmt><![CDATA[2017-10-24 16:23:08]]></wp:post_date_gmt>
		<wp:comment_status><![CDATA[open]]></wp:comment_status>
		<wp:ping_status><![CDATA[closed]]></wp:ping_status>
		<wp:post_name><![CDATA[bear]]></wp:post_name>
		<wp:status><![CDATA[inherit]]></wp:status>
		<wp:post_parent>498</wp:post_parent>
		<wp:menu_order>0</wp:menu_order>
		<wp:post_type><![CDATA[attachment]]></wp:post_type>
		<wp:post_password><![CDATA[]]></wp:post_password>
		<wp:is_sticky>0</wp:is_sticky>
		<wp:attachment_url><![CDATA[http://localhost:8888/wordpress/wp-content/uploads/2017/10/bear.png]]></wp:attachment_url>
		<wp:postmeta>
			<wp:meta_key><![CDATA[_wp_attached_file]]></wp:meta_key>
			<wp:meta_value><![CDATA[2017/10/bear.png]]></wp:meta_value>
		</wp:postmeta>
		<wp:postmeta>
			<wp:meta_key><![CDATA[_wp_attachment_metadata]]></wp:meta_key>
			<wp:meta_value><![CDATA[a:5:{s:5:"width";i:341;s:6:"height";i:164;s:4:"file";s:16:"2017/10/bear.png";s:5:"sizes";a:4:{s:9:"thumbnail";a:4:{s:4:"file";s:16:"bear-150x150.png";s:5:"width";i:150;s:6:"height";i:150;s:9:"mime-type";s:9:"image/png";}s:6:"medium";a:4:{s:4:"file";s:16:"bear-300x144.png";s:5:"width";i:300;s:6:"height";i:144;s:9:"mime-type";s:9:"image/png";}s:14:"shop_thumbnail";a:4:{s:4:"file";s:16:"bear-180x164.png";s:5:"width";i:180;s:6:"height";i:164;s:9:"mime-type";s:9:"image/png";}s:12:"shop_catalog";a:4:{s:4:"file";s:16:"bear-300x164.png";s:5:"width";i:300;s:6:"height";i:164;s:9:"mime-type";s:9:"image/png";}}s:10:"image_meta";a:12:{s:8:"aperture";s:1:"0";s:6:"credit";s:0:"";s:6:"camera";s:0:"";s:7:"caption";s:0:"";s:17:"created_timestamp";s:1:"0";s:9:"copyright";s:0:"";s:12:"focal_length";s:1:"0";s:3:"iso";s:1:"0";s:13:"shutter_speed";s:1:"0";s:5:"title";s:0:"";s:11:"orientation";s:1:"0";s:8:"keywords";a:0:{}}}]]></wp:meta_value>
		</wp:postmeta>
	</item>
	<item>
		<title>tigers</title>
		<link>http://localhost:8888/wordpress/tiger-holiday/tigers/</link>
		<pubDate>Tue, 24 Oct 2017 16:29:43 +0000</pubDate>
		<dc:creator><![CDATA[hrmoore927]]></dc:creator>
		<guid isPermaLink="false">http://localhost:8888/wordpress/wp-content/uploads/2017/10/tigers.png</guid>
		<description></description>
		<content:encoded><![CDATA[]]></content:encoded>
		<excerpt:encoded><![CDATA[]]></excerpt:encoded>
		<wp:post_id>502</wp:post_id>
		<wp:post_date><![CDATA[2017-10-24 12:29:43]]></wp:post_date>
		<wp:post_date_gmt><![CDATA[2017-10-24 16:29:43]]></wp:post_date_gmt>
		<wp:comment_status><![CDATA[open]]></wp:comment_status>
		<wp:ping_status><![CDATA[closed]]></wp:ping_status>
		<wp:post_name><![CDATA[tigers]]></wp:post_name>
		<wp:status><![CDATA[inherit]]></wp:status>
		<wp:post_parent>501</wp:post_parent>
		<wp:menu_order>0</wp:menu_order>
		<wp:post_type><![CDATA[attachment]]></wp:post_type>
		<wp:post_password><![CDATA[]]></wp:post_password>
		<wp:is_sticky>0</wp:is_sticky>
		<wp:attachment_url><![CDATA[http://localhost:8888/wordpress/wp-content/uploads/2017/10/tigers.png]]></wp:attachment_url>
		<wp:postmeta>
			<wp:meta_key><![CDATA[_wp_attached_file]]></wp:meta_key>
			<wp:meta_value><![CDATA[2017/10/tigers.png]]></wp:meta_value>
		</wp:postmeta>
		<wp:postmeta>
			<wp:meta_key><![CDATA[_wp_attachment_metadata]]></wp:meta_key>
			<wp:meta_value><![CDATA[a:5:{s:5:"width";i:341;s:6:"height";i:164;s:4:"file";s:18:"2017/10/tigers.png";s:5:"sizes";a:4:{s:9:"thumbnail";a:4:{s:4:"file";s:18:"tigers-150x150.png";s:5:"width";i:150;s:6:"height";i:150;s:9:"mime-type";s:9:"image/png";}s:6:"medium";a:4:{s:4:"file";s:18:"tigers-300x144.png";s:5:"width";i:300;s:6:"height";i:144;s:9:"mime-type";s:9:"image/png";}s:14:"shop_thumbnail";a:4:{s:4:"file";s:18:"tigers-180x164.png";s:5:"width";i:180;s:6:"height";i:164;s:9:"mime-type";s:9:"image/png";}s:12:"shop_catalog";a:4:{s:4:"file";s:18:"tigers-300x164.png";s:5:"width";i:300;s:6:"height";i:164;s:9:"mime-type";s:9:"image/png";}}s:10:"image_meta";a:12:{s:8:"aperture";s:1:"0";s:6:"credit";s:0:"";s:6:"camera";s:0:"";s:7:"caption";s:0:"";s:17:"created_timestamp";s:1:"0";s:9:"copyright";s:0:"";s:12:"focal_length";s:1:"0";s:3:"iso";s:1:"0";s:13:"shutter_speed";s:1:"0";s:5:"title";s:0:"";s:11:"orientation";s:1:"0";s:8:"keywords";a:0:{}}}]]></wp:meta_value>
		</wp:postmeta>
	</item>
	<item>
		<title>otter</title>
		<link>http://localhost:8888/wordpress/mammals-holidays/otter/</link>
		<pubDate>Tue, 24 Oct 2017 16:31:19 +0000</pubDate>
		<dc:creator><![CDATA[hrmoore927]]></dc:creator>
		<guid isPermaLink="false">http://localhost:8888/wordpress/wp-content/uploads/2017/10/otter.png</guid>
		<description></description>
		<content:encoded><![CDATA[]]></content:encoded>
		<excerpt:encoded><![CDATA[]]></excerpt:encoded>
		<wp:post_id>505</wp:post_id>
		<wp:post_date><![CDATA[2017-10-24 12:31:19]]></wp:post_date>
		<wp:post_date_gmt><![CDATA[2017-10-24 16:31:19]]></wp:post_date_gmt>
		<wp:comment_status><![CDATA[open]]></wp:comment_status>
		<wp:ping_status><![CDATA[closed]]></wp:ping_status>
		<wp:post_name><![CDATA[otter]]></wp:post_name>
		<wp:status><![CDATA[inherit]]></wp:status>
		<wp:post_parent>504</wp:post_parent>
		<wp:menu_order>0</wp:menu_order>
		<wp:post_type><![CDATA[attachment]]></wp:post_type>
		<wp:post_password><![CDATA[]]></wp:post_password>
		<wp:is_sticky>0</wp:is_sticky>
		<wp:attachment_url><![CDATA[http://localhost:8888/wordpress/wp-content/uploads/2017/10/otter.png]]></wp:attachment_url>
		<wp:postmeta>
			<wp:meta_key><![CDATA[_wp_attached_file]]></wp:meta_key>
			<wp:meta_value><![CDATA[2017/10/otter.png]]></wp:meta_value>
		</wp:postmeta>
		<wp:postmeta>
			<wp:meta_key><![CDATA[_wp_attachment_metadata]]></wp:meta_key>
			<wp:meta_value><![CDATA[a:5:{s:5:"width";i:341;s:6:"height";i:164;s:4:"file";s:17:"2017/10/otter.png";s:5:"sizes";a:4:{s:9:"thumbnail";a:4:{s:4:"file";s:17:"otter-150x150.png";s:5:"width";i:150;s:6:"height";i:150;s:9:"mime-type";s:9:"image/png";}s:6:"medium";a:4:{s:4:"file";s:17:"otter-300x144.png";s:5:"width";i:300;s:6:"height";i:144;s:9:"mime-type";s:9:"image/png";}s:14:"shop_thumbnail";a:4:{s:4:"file";s:17:"otter-180x164.png";s:5:"width";i:180;s:6:"height";i:164;s:9:"mime-type";s:9:"image/png";}s:12:"shop_catalog";a:4:{s:4:"file";s:17:"otter-300x164.png";s:5:"width";i:300;s:6:"height";i:164;s:9:"mime-type";s:9:"image/png";}}s:10:"image_meta";a:12:{s:8:"aperture";s:1:"0";s:6:"credit";s:0:"";s:6:"camera";s:0:"";s:7:"caption";s:0:"";s:17:"created_timestamp";s:1:"0";s:9:"copyright";s:0:"";s:12:"focal_length";s:1:"0";s:3:"iso";s:1:"0";s:13:"shutter_speed";s:1:"0";s:5:"title";s:0:"";s:11:"orientation";s:1:"0";s:8:"keywords";a:0:{}}}]]></wp:meta_value>
		</wp:postmeta>
	</item>
	<item>
		<title>dolphins</title>
		<link>http://localhost:8888/wordpress/dolphins-holidays/dolphins/</link>
		<pubDate>Tue, 24 Oct 2017 16:33:06 +0000</pubDate>
		<dc:creator><![CDATA[hrmoore927]]></dc:creator>
		<guid isPermaLink="false">http://localhost:8888/wordpress/wp-content/uploads/2017/10/dolphins.png</guid>
		<description></description>
		<content:encoded><![CDATA[]]></content:encoded>
		<excerpt:encoded><![CDATA[]]></excerpt:encoded>
		<wp:post_id>510</wp:post_id>
		<wp:post_date><![CDATA[2017-10-24 12:33:06]]></wp:post_date>
		<wp:post_date_gmt><![CDATA[2017-10-24 16:33:06]]></wp:post_date_gmt>
		<wp:comment_status><![CDATA[open]]></wp:comment_status>
		<wp:ping_status><![CDATA[closed]]></wp:ping_status>
		<wp:post_name><![CDATA[dolphins]]></wp:post_name>
		<wp:status><![CDATA[inherit]]></wp:status>
		<wp:post_parent>509</wp:post_parent>
		<wp:menu_order>0</wp:menu_order>
		<wp:post_type><![CDATA[attachment]]></wp:post_type>
		<wp:post_password><![CDATA[]]></wp:post_password>
		<wp:is_sticky>0</wp:is_sticky>
		<wp:attachment_url><![CDATA[http://localhost:8888/wordpress/wp-content/uploads/2017/10/dolphins.png]]></wp:attachment_url>
		<wp:postmeta>
			<wp:meta_key><![CDATA[_wp_attached_file]]></wp:meta_key>
			<wp:meta_value><![CDATA[2017/10/dolphins.png]]></wp:meta_value>
		</wp:postmeta>
		<wp:postmeta>
			<wp:meta_key><![CDATA[_wp_attachment_metadata]]></wp:meta_key>
			<wp:meta_value><![CDATA[a:5:{s:5:"width";i:341;s:6:"height";i:164;s:4:"file";s:20:"2017/10/dolphins.png";s:5:"sizes";a:4:{s:9:"thumbnail";a:4:{s:4:"file";s:20:"dolphins-150x150.png";s:5:"width";i:150;s:6:"height";i:150;s:9:"mime-type";s:9:"image/png";}s:6:"medium";a:4:{s:4:"file";s:20:"dolphins-300x144.png";s:5:"width";i:300;s:6:"height";i:144;s:9:"mime-type";s:9:"image/png";}s:14:"shop_thumbnail";a:4:{s:4:"file";s:20:"dolphins-180x164.png";s:5:"width";i:180;s:6:"height";i:164;s:9:"mime-type";s:9:"image/png";}s:12:"shop_catalog";a:4:{s:4:"file";s:20:"dolphins-300x164.png";s:5:"width";i:300;s:6:"height";i:164;s:9:"mime-type";s:9:"image/png";}}s:10:"image_meta";a:12:{s:8:"aperture";s:1:"0";s:6:"credit";s:0:"";s:6:"camera";s:0:"";s:7:"caption";s:0:"";s:17:"created_timestamp";s:1:"0";s:9:"copyright";s:0:"";s:12:"focal_length";s:1:"0";s:3:"iso";s:1:"0";s:13:"shutter_speed";s:1:"0";s:5:"title";s:0:"";s:11:"orientation";s:1:"0";s:8:"keywords";a:0:{}}}]]></wp:meta_value>
		</wp:postmeta>
	</item>
	<item>
		<title>flowers</title>
		<link>http://localhost:8888/wordpress/wild-flowers-holidays/flowers/</link>
		<pubDate>Tue, 24 Oct 2017 16:34:10 +0000</pubDate>
		<dc:creator><![CDATA[hrmoore927]]></dc:creator>
		<guid isPermaLink="false">http://localhost:8888/wordpress/wp-content/uploads/2017/10/flowers.png</guid>
		<description></description>
		<content:encoded><![CDATA[]]></content:encoded>
		<excerpt:encoded><![CDATA[]]></excerpt:encoded>
		<wp:post_id>513</wp:post_id>
		<wp:post_date><![CDATA[2017-10-24 12:34:10]]></wp:post_date>
		<wp:post_date_gmt><![CDATA[2017-10-24 16:34:10]]></wp:post_date_gmt>
		<wp:comment_status><![CDATA[open]]></wp:comment_status>
		<wp:ping_status><![CDATA[closed]]></wp:ping_status>
		<wp:post_name><![CDATA[flowers]]></wp:post_name>
		<wp:status><![CDATA[inherit]]></wp:status>
		<wp:post_parent>512</wp:post_parent>
		<wp:menu_order>0</wp:menu_order>
		<wp:post_type><![CDATA[attachment]]></wp:post_type>
		<wp:post_password><![CDATA[]]></wp:post_password>
		<wp:is_sticky>0</wp:is_sticky>
		<wp:attachment_url><![CDATA[http://localhost:8888/wordpress/wp-content/uploads/2017/10/flowers.png]]></wp:attachment_url>
		<wp:postmeta>
			<wp:meta_key><![CDATA[_wp_attached_file]]></wp:meta_key>
			<wp:meta_value><![CDATA[2017/10/flowers.png]]></wp:meta_value>
		</wp:postmeta>
		<wp:postmeta>
			<wp:meta_key><![CDATA[_wp_attachment_metadata]]></wp:meta_key>
			<wp:meta_value><![CDATA[a:5:{s:5:"width";i:341;s:6:"height";i:164;s:4:"file";s:19:"2017/10/flowers.png";s:5:"sizes";a:4:{s:9:"thumbnail";a:4:{s:4:"file";s:19:"flowers-150x150.png";s:5:"width";i:150;s:6:"height";i:150;s:9:"mime-type";s:9:"image/png";}s:6:"medium";a:4:{s:4:"file";s:19:"flowers-300x144.png";s:5:"width";i:300;s:6:"height";i:144;s:9:"mime-type";s:9:"image/png";}s:14:"shop_thumbnail";a:4:{s:4:"file";s:19:"flowers-180x164.png";s:5:"width";i:180;s:6:"height";i:164;s:9:"mime-type";s:9:"image/png";}s:12:"shop_catalog";a:4:{s:4:"file";s:19:"flowers-300x164.png";s:5:"width";i:300;s:6:"height";i:164;s:9:"mime-type";s:9:"image/png";}}s:10:"image_meta";a:12:{s:8:"aperture";s:1:"0";s:6:"credit";s:0:"";s:6:"camera";s:0:"";s:7:"caption";s:0:"";s:17:"created_timestamp";s:1:"0";s:9:"copyright";s:0:"";s:12:"focal_length";s:1:"0";s:3:"iso";s:1:"0";s:13:"shutter_speed";s:1:"0";s:5:"title";s:0:"";s:11:"orientation";s:1:"0";s:8:"keywords";a:0:{}}}]]></wp:meta_value>
		</wp:postmeta>
	</item>
	<item>
		<title>HOME</title>
		<link>http://localhost:8888/wordpress/483-no-title/</link>
		<pubDate>Wed, 25 Oct 2017 14:00:07 +0000</pubDate>
		<dc:creator><![CDATA[hrmoore927]]></dc:creator>
		<guid isPermaLink="false">http://localhost:8888/wordpress/?p=531</guid>
		<description></description>
		<content:encoded><![CDATA[]]></content:encoded>
		<excerpt:encoded><![CDATA[]]></excerpt:encoded>
		<wp:post_id>531</wp:post_id>
		<wp:post_date><![CDATA[2017-10-25 10:00:07]]></wp:post_date>
		<wp:post_date_gmt><![CDATA[2017-10-25 14:00:07]]></wp:post_date_gmt>
		<wp:comment_status><![CDATA[closed]]></wp:comment_status>
		<wp:ping_status><![CDATA[closed]]></wp:ping_status>
		<wp:post_name><![CDATA[483-no-title]]></wp:post_name>
		<wp:status><![CDATA[publish]]></wp:status>
		<wp:post_parent>0</wp:post_parent>
		<wp:menu_order>1</wp:menu_order>
		<wp:post_type><![CDATA[nav_menu_item]]></wp:post_type>
		<wp:post_password><![CDATA[]]></wp:post_password>
		<wp:is_sticky>0</wp:is_sticky>
		<category domain="nav_menu" nicename="sub-menu"><![CDATA[Sub Menu]]></category>
		<wp:postmeta>
			<wp:meta_key><![CDATA[_menu_item_type]]></wp:meta_key>
			<wp:meta_value><![CDATA[post_type]]></wp:meta_value>
		</wp:postmeta>
		<wp:postmeta>
			<wp:meta_key><![CDATA[_menu_item_menu_item_parent]]></wp:meta_key>
			<wp:meta_value><![CDATA[0]]></wp:meta_value>
		</wp:postmeta>
		<wp:postmeta>
			<wp:meta_key><![CDATA[_menu_item_object_id]]></wp:meta_key>
			<wp:meta_value><![CDATA[483]]></wp:meta_value>
		</wp:postmeta>
		<wp:postmeta>
			<wp:meta_key><![CDATA[_menu_item_object]]></wp:meta_key>
			<wp:meta_value><![CDATA[page]]></wp:meta_value>
		</wp:postmeta>
		<wp:postmeta>
			<wp:meta_key><![CDATA[_menu_item_target]]></wp:meta_key>
			<wp:meta_value><![CDATA[]]></wp:meta_value>
		</wp:postmeta>
		<wp:postmeta>
			<wp:meta_key><![CDATA[_menu_item_classes]]></wp:meta_key>
			<wp:meta_value><![CDATA[a:1:{i:0;s:0:"";}]]></wp:meta_value>
		</wp:postmeta>
		<wp:postmeta>
			<wp:meta_key><![CDATA[_menu_item_xfn]]></wp:meta_key>
			<wp:meta_value><![CDATA[]]></wp:meta_value>
		</wp:postmeta>
		<wp:postmeta>
			<wp:meta_key><![CDATA[_menu_item_url]]></wp:meta_key>
			<wp:meta_value><![CDATA[]]></wp:meta_value>
		</wp:postmeta>
	</item>
	<item>
		<title></title>
		<link>http://localhost:8888/wordpress/540/</link>
		<pubDate>Wed, 25 Oct 2017 14:11:10 +0000</pubDate>
		<dc:creator><![CDATA[hrmoore927]]></dc:creator>
		<guid isPermaLink="false">http://localhost:8888/wordpress/?p=540</guid>
		<description></description>
		<content:encoded><![CDATA[ ]]></content:encoded>
		<excerpt:encoded><![CDATA[]]></excerpt:encoded>
		<wp:post_id>540</wp:post_id>
		<wp:post_date><![CDATA[2017-10-25 10:11:10]]></wp:post_date>
		<wp:post_date_gmt><![CDATA[2017-10-25 14:11:10]]></wp:post_date_gmt>
		<wp:comment_status><![CDATA[closed]]></wp:comment_status>
		<wp:ping_status><![CDATA[closed]]></wp:ping_status>
		<wp:post_name><![CDATA[540]]></wp:post_name>
		<wp:status><![CDATA[publish]]></wp:status>
		<wp:post_parent>0</wp:post_parent>
		<wp:menu_order>3</wp:menu_order>
		<wp:post_type><![CDATA[nav_menu_item]]></wp:post_type>
		<wp:post_password><![CDATA[]]></wp:post_password>
		<wp:is_sticky>0</wp:is_sticky>
		<category domain="nav_menu" nicename="sub-menu"><![CDATA[Sub Menu]]></category>
		<wp:postmeta>
			<wp:meta_key><![CDATA[_menu_item_type]]></wp:meta_key>
			<wp:meta_value><![CDATA[post_type]]></wp:meta_value>
		</wp:postmeta>
		<wp:postmeta>
			<wp:meta_key><![CDATA[_menu_item_menu_item_parent]]></wp:meta_key>
			<wp:meta_value><![CDATA[0]]></wp:meta_value>
		</wp:postmeta>
		<wp:postmeta>
			<wp:meta_key><![CDATA[_menu_item_object_id]]></wp:meta_key>
			<wp:meta_value><![CDATA[534]]></wp:meta_value>
		</wp:postmeta>
		<wp:postmeta>
			<wp:meta_key><![CDATA[_menu_item_object]]></wp:meta_key>
			<wp:meta_value><![CDATA[page]]></wp:meta_value>
		</wp:postmeta>
		<wp:postmeta>
			<wp:meta_key><![CDATA[_menu_item_target]]></wp:meta_key>
			<wp:meta_value><![CDATA[]]></wp:meta_value>
		</wp:postmeta>
		<wp:postmeta>
			<wp:meta_key><![CDATA[_menu_item_classes]]></wp:meta_key>
			<wp:meta_value><![CDATA[a:1:{i:0;s:0:"";}]]></wp:meta_value>
		</wp:postmeta>
		<wp:postmeta>
			<wp:meta_key><![CDATA[_menu_item_xfn]]></wp:meta_key>
			<wp:meta_value><![CDATA[]]></wp:meta_value>
		</wp:postmeta>
		<wp:postmeta>
			<wp:meta_key><![CDATA[_menu_item_url]]></wp:meta_key>
			<wp:meta_value><![CDATA[]]></wp:meta_value>
		</wp:postmeta>
	</item>
	<item>
		<title>CONTACT US</title>
		<link>http://localhost:8888/wordpress/541/</link>
		<pubDate>Wed, 25 Oct 2017 14:11:10 +0000</pubDate>
		<dc:creator><![CDATA[hrmoore927]]></dc:creator>
		<guid isPermaLink="false">http://localhost:8888/wordpress/?p=541</guid>
		<description></description>
		<content:encoded><![CDATA[]]></content:encoded>
		<excerpt:encoded><![CDATA[]]></excerpt:encoded>
		<wp:post_id>541</wp:post_id>
		<wp:post_date><![CDATA[2017-10-25 10:11:10]]></wp:post_date>
		<wp:post_date_gmt><![CDATA[2017-10-25 14:11:10]]></wp:post_date_gmt>
		<wp:comment_status><![CDATA[closed]]></wp:comment_status>
		<wp:ping_status><![CDATA[closed]]></wp:ping_status>
		<wp:post_name><![CDATA[541]]></wp:post_name>
		<wp:status><![CDATA[publish]]></wp:status>
		<wp:post_parent>0</wp:post_parent>
		<wp:menu_order>5</wp:menu_order>
		<wp:post_type><![CDATA[nav_menu_item]]></wp:post_type>
		<wp:post_password><![CDATA[]]></wp:post_password>
		<wp:is_sticky>0</wp:is_sticky>
		<category domain="nav_menu" nicename="sub-menu"><![CDATA[Sub Menu]]></category>
		<wp:postmeta>
			<wp:meta_key><![CDATA[_menu_item_type]]></wp:meta_key>
			<wp:meta_value><![CDATA[post_type]]></wp:meta_value>
		</wp:postmeta>
		<wp:postmeta>
			<wp:meta_key><![CDATA[_menu_item_menu_item_parent]]></wp:meta_key>
			<wp:meta_value><![CDATA[0]]></wp:meta_value>
		</wp:postmeta>
		<wp:postmeta>
			<wp:meta_key><![CDATA[_menu_item_object_id]]></wp:meta_key>
			<wp:meta_value><![CDATA[538]]></wp:meta_value>
		</wp:postmeta>
		<wp:postmeta>
			<wp:meta_key><![CDATA[_menu_item_object]]></wp:meta_key>
			<wp:meta_value><![CDATA[page]]></wp:meta_value>
		</wp:postmeta>
		<wp:postmeta>
			<wp:meta_key><![CDATA[_menu_item_target]]></wp:meta_key>
			<wp:meta_value><![CDATA[]]></wp:meta_value>
		</wp:postmeta>
		<wp:postmeta>
			<wp:meta_key><![CDATA[_menu_item_classes]]></wp:meta_key>
			<wp:meta_value><![CDATA[a:1:{i:0;s:0:"";}]]></wp:meta_value>
		</wp:postmeta>
		<wp:postmeta>
			<wp:meta_key><![CDATA[_menu_item_xfn]]></wp:meta_key>
			<wp:meta_value><![CDATA[]]></wp:meta_value>
		</wp:postmeta>
		<wp:postmeta>
			<wp:meta_key><![CDATA[_menu_item_url]]></wp:meta_key>
			<wp:meta_value><![CDATA[]]></wp:meta_value>
		</wp:postmeta>
	</item>
	<item>
		<title>VISIT US</title>
		<link>http://localhost:8888/wordpress/542/</link>
		<pubDate>Wed, 25 Oct 2017 14:11:10 +0000</pubDate>
		<dc:creator><![CDATA[hrmoore927]]></dc:creator>
		<guid isPermaLink="false">http://localhost:8888/wordpress/?p=542</guid>
		<description></description>
		<content:encoded><![CDATA[]]></content:encoded>
		<excerpt:encoded><![CDATA[]]></excerpt:encoded>
		<wp:post_id>542</wp:post_id>
		<wp:post_date><![CDATA[2017-10-25 10:11:10]]></wp:post_date>
		<wp:post_date_gmt><![CDATA[2017-10-25 14:11:10]]></wp:post_date_gmt>
		<wp:comment_status><![CDATA[closed]]></wp:comment_status>
		<wp:ping_status><![CDATA[closed]]></wp:ping_status>
		<wp:post_name><![CDATA[542]]></wp:post_name>
		<wp:status><![CDATA[publish]]></wp:status>
		<wp:post_parent>0</wp:post_parent>
		<wp:menu_order>4</wp:menu_order>
		<wp:post_type><![CDATA[nav_menu_item]]></wp:post_type>
		<wp:post_password><![CDATA[]]></wp:post_password>
		<wp:is_sticky>0</wp:is_sticky>
		<category domain="nav_menu" nicename="sub-menu"><![CDATA[Sub Menu]]></category>
		<wp:postmeta>
			<wp:meta_key><![CDATA[_menu_item_type]]></wp:meta_key>
			<wp:meta_value><![CDATA[post_type]]></wp:meta_value>
		</wp:postmeta>
		<wp:postmeta>
			<wp:meta_key><![CDATA[_menu_item_menu_item_parent]]></wp:meta_key>
			<wp:meta_value><![CDATA[0]]></wp:meta_value>
		</wp:postmeta>
		<wp:postmeta>
			<wp:meta_key><![CDATA[_menu_item_object_id]]></wp:meta_key>
			<wp:meta_value><![CDATA[536]]></wp:meta_value>
		</wp:postmeta>
		<wp:postmeta>
			<wp:meta_key><![CDATA[_menu_item_object]]></wp:meta_key>
			<wp:meta_value><![CDATA[page]]></wp:meta_value>
		</wp:postmeta>
		<wp:postmeta>
			<wp:meta_key><![CDATA[_menu_item_target]]></wp:meta_key>
			<wp:meta_value><![CDATA[]]></wp:meta_value>
		</wp:postmeta>
		<wp:postmeta>
			<wp:meta_key><![CDATA[_menu_item_classes]]></wp:meta_key>
			<wp:meta_value><![CDATA[a:1:{i:0;s:0:"";}]]></wp:meta_value>
		</wp:postmeta>
		<wp:postmeta>
			<wp:meta_key><![CDATA[_menu_item_xfn]]></wp:meta_key>
			<wp:meta_value><![CDATA[]]></wp:meta_value>
		</wp:postmeta>
		<wp:postmeta>
			<wp:meta_key><![CDATA[_menu_item_url]]></wp:meta_key>
			<wp:meta_value><![CDATA[]]></wp:meta_value>
		</wp:postmeta>
	</item>
	<item>
		<title>HOW TO BOOK</title>
		<link>http://localhost:8888/wordpress/543/</link>
		<pubDate>Wed, 25 Oct 2017 14:11:10 +0000</pubDate>
		<dc:creator><![CDATA[hrmoore927]]></dc:creator>
		<guid isPermaLink="false">http://localhost:8888/wordpress/?p=543</guid>
		<description></description>
		<content:encoded><![CDATA[]]></content:encoded>
		<excerpt:encoded><![CDATA[]]></excerpt:encoded>
		<wp:post_id>543</wp:post_id>
		<wp:post_date><![CDATA[2017-10-25 10:11:10]]></wp:post_date>
		<wp:post_date_gmt><![CDATA[2017-10-25 14:11:10]]></wp:post_date_gmt>
		<wp:comment_status><![CDATA[closed]]></wp:comment_status>
		<wp:ping_status><![CDATA[closed]]></wp:ping_status>
		<wp:post_name><![CDATA[543]]></wp:post_name>
		<wp:status><![CDATA[publish]]></wp:status>
		<wp:post_parent>0</wp:post_parent>
		<wp:menu_order>2</wp:menu_order>
		<wp:post_type><![CDATA[nav_menu_item]]></wp:post_type>
		<wp:post_password><![CDATA[]]></wp:post_password>
		<wp:is_sticky>0</wp:is_sticky>
		<category domain="nav_menu" nicename="sub-menu"><![CDATA[Sub Menu]]></category>
		<wp:postmeta>
			<wp:meta_key><![CDATA[_menu_item_type]]></wp:meta_key>
			<wp:meta_value><![CDATA[post_type]]></wp:meta_value>
		</wp:postmeta>
		<wp:postmeta>
			<wp:meta_key><![CDATA[_menu_item_menu_item_parent]]></wp:meta_key>
			<wp:meta_value><![CDATA[0]]></wp:meta_value>
		</wp:postmeta>
		<wp:postmeta>
			<wp:meta_key><![CDATA[_menu_item_object_id]]></wp:meta_key>
			<wp:meta_value><![CDATA[532]]></wp:meta_value>
		</wp:postmeta>
		<wp:postmeta>
			<wp:meta_key><![CDATA[_menu_item_object]]></wp:meta_key>
			<wp:meta_value><![CDATA[page]]></wp:meta_value>
		</wp:postmeta>
		<wp:postmeta>
			<wp:meta_key><![CDATA[_menu_item_target]]></wp:meta_key>
			<wp:meta_value><![CDATA[]]></wp:meta_value>
		</wp:postmeta>
		<wp:postmeta>
			<wp:meta_key><![CDATA[_menu_item_classes]]></wp:meta_key>
			<wp:meta_value><![CDATA[a:1:{i:0;s:0:"";}]]></wp:meta_value>
		</wp:postmeta>
		<wp:postmeta>
			<wp:meta_key><![CDATA[_menu_item_xfn]]></wp:meta_key>
			<wp:meta_value><![CDATA[]]></wp:meta_value>
		</wp:postmeta>
		<wp:postmeta>
			<wp:meta_key><![CDATA[_menu_item_url]]></wp:meta_key>
			<wp:meta_value><![CDATA[]]></wp:meta_value>
		</wp:postmeta>
	</item>
	<item>
		<title>ABOUT US</title>
		<link>http://localhost:8888/wordpress/558/</link>
		<pubDate>Wed, 25 Oct 2017 14:21:27 +0000</pubDate>
		<dc:creator><![CDATA[hrmoore927]]></dc:creator>
		<guid isPermaLink="false">http://localhost:8888/wordpress/?p=558</guid>
		<description></description>
		<content:encoded><![CDATA[]]></content:encoded>
		<excerpt:encoded><![CDATA[]]></excerpt:encoded>
		<wp:post_id>558</wp:post_id>
		<wp:post_date><![CDATA[2017-10-25 10:21:27]]></wp:post_date>
		<wp:post_date_gmt><![CDATA[2017-10-25 14:21:27]]></wp:post_date_gmt>
		<wp:comment_status><![CDATA[closed]]></wp:comment_status>
		<wp:ping_status><![CDATA[closed]]></wp:ping_status>
		<wp:post_name><![CDATA[558]]></wp:post_name>
		<wp:status><![CDATA[publish]]></wp:status>
		<wp:post_parent>0</wp:post_parent>
		<wp:menu_order>7</wp:menu_order>
		<wp:post_type><![CDATA[nav_menu_item]]></wp:post_type>
		<wp:post_password><![CDATA[]]></wp:post_password>
		<wp:is_sticky>0</wp:is_sticky>
		<category domain="nav_menu" nicename="main-menu"><![CDATA[Main Menu]]></category>
		<wp:postmeta>
			<wp:meta_key><![CDATA[_menu_item_type]]></wp:meta_key>
			<wp:meta_value><![CDATA[post_type]]></wp:meta_value>
		</wp:postmeta>
		<wp:postmeta>
			<wp:meta_key><![CDATA[_menu_item_menu_item_parent]]></wp:meta_key>
			<wp:meta_value><![CDATA[0]]></wp:meta_value>
		</wp:postmeta>
		<wp:postmeta>
			<wp:meta_key><![CDATA[_menu_item_object_id]]></wp:meta_key>
			<wp:meta_value><![CDATA[556]]></wp:meta_value>
		</wp:postmeta>
		<wp:postmeta>
			<wp:meta_key><![CDATA[_menu_item_object]]></wp:meta_key>
			<wp:meta_value><![CDATA[page]]></wp:meta_value>
		</wp:postmeta>
		<wp:postmeta>
			<wp:meta_key><![CDATA[_menu_item_target]]></wp:meta_key>
			<wp:meta_value><![CDATA[]]></wp:meta_value>
		</wp:postmeta>
		<wp:postmeta>
			<wp:meta_key><![CDATA[_menu_item_classes]]></wp:meta_key>
			<wp:meta_value><![CDATA[a:1:{i:0;s:0:"";}]]></wp:meta_value>
		</wp:postmeta>
		<wp:postmeta>
			<wp:meta_key><![CDATA[_menu_item_xfn]]></wp:meta_key>
			<wp:meta_value><![CDATA[]]></wp:meta_value>
		</wp:postmeta>
		<wp:postmeta>
			<wp:meta_key><![CDATA[_menu_item_url]]></wp:meta_key>
			<wp:meta_value><![CDATA[]]></wp:meta_value>
		</wp:postmeta>
	</item>
	<item>
		<title>LATEST NEWS</title>
		<link>http://localhost:8888/wordpress/559/</link>
		<pubDate>Wed, 25 Oct 2017 14:21:27 +0000</pubDate>
		<dc:creator><![CDATA[hrmoore927]]></dc:creator>
		<guid isPermaLink="false">http://localhost:8888/wordpress/?p=559</guid>
		<description></description>
		<content:encoded><![CDATA[]]></content:encoded>
		<excerpt:encoded><![CDATA[]]></excerpt:encoded>
		<wp:post_id>559</wp:post_id>
		<wp:post_date><![CDATA[2017-10-25 10:21:27]]></wp:post_date>
		<wp:post_date_gmt><![CDATA[2017-10-25 14:21:27]]></wp:post_date_gmt>
		<wp:comment_status><![CDATA[closed]]></wp:comment_status>
		<wp:ping_status><![CDATA[closed]]></wp:ping_status>
		<wp:post_name><![CDATA[559]]></wp:post_name>
		<wp:status><![CDATA[publish]]></wp:status>
		<wp:post_parent>0</wp:post_parent>
		<wp:menu_order>6</wp:menu_order>
		<wp:post_type><![CDATA[nav_menu_item]]></wp:post_type>
		<wp:post_password><![CDATA[]]></wp:post_password>
		<wp:is_sticky>0</wp:is_sticky>
		<category domain="nav_menu" nicename="main-menu"><![CDATA[Main Menu]]></category>
		<wp:postmeta>
			<wp:meta_key><![CDATA[_menu_item_type]]></wp:meta_key>
			<wp:meta_value><![CDATA[post_type]]></wp:meta_value>
		</wp:postmeta>
		<wp:postmeta>
			<wp:meta_key><![CDATA[_menu_item_menu_item_parent]]></wp:meta_key>
			<wp:meta_value><![CDATA[0]]></wp:meta_value>
		</wp:postmeta>
		<wp:postmeta>
			<wp:meta_key><![CDATA[_menu_item_object_id]]></wp:meta_key>
			<wp:meta_value><![CDATA[554]]></wp:meta_value>
		</wp:postmeta>
		<wp:postmeta>
			<wp:meta_key><![CDATA[_menu_item_object]]></wp:meta_key>
			<wp:meta_value><![CDATA[page]]></wp:meta_value>
		</wp:postmeta>
		<wp:postmeta>
			<wp:meta_key><![CDATA[_menu_item_target]]></wp:meta_key>
			<wp:meta_value><![CDATA[]]></wp:meta_value>
		</wp:postmeta>
		<wp:postmeta>
			<wp:meta_key><![CDATA[_menu_item_classes]]></wp:meta_key>
			<wp:meta_value><![CDATA[a:1:{i:0;s:0:"";}]]></wp:meta_value>
		</wp:postmeta>
		<wp:postmeta>
			<wp:meta_key><![CDATA[_menu_item_xfn]]></wp:meta_key>
			<wp:meta_value><![CDATA[]]></wp:meta_value>
		</wp:postmeta>
		<wp:postmeta>
			<wp:meta_key><![CDATA[_menu_item_url]]></wp:meta_key>
			<wp:meta_value><![CDATA[]]></wp:meta_value>
		</wp:postmeta>
	</item>
	<item>
		<title>LATE AVAILABILITY</title>
		<link>http://localhost:8888/wordpress/560/</link>
		<pubDate>Wed, 25 Oct 2017 14:21:27 +0000</pubDate>
		<dc:creator><![CDATA[hrmoore927]]></dc:creator>
		<guid isPermaLink="false">http://localhost:8888/wordpress/?p=560</guid>
		<description></description>
		<content:encoded><![CDATA[]]></content:encoded>
		<excerpt:encoded><![CDATA[]]></excerpt:encoded>
		<wp:post_id>560</wp:post_id>
		<wp:post_date><![CDATA[2017-10-25 10:21:27]]></wp:post_date>
		<wp:post_date_gmt><![CDATA[2017-10-25 14:21:27]]></wp:post_date_gmt>
		<wp:comment_status><![CDATA[closed]]></wp:comment_status>
		<wp:ping_status><![CDATA[closed]]></wp:ping_status>
		<wp:post_name><![CDATA[560]]></wp:post_name>
		<wp:status><![CDATA[publish]]></wp:status>
		<wp:post_parent>0</wp:post_parent>
		<wp:menu_order>5</wp:menu_order>
		<wp:post_type><![CDATA[nav_menu_item]]></wp:post_type>
		<wp:post_password><![CDATA[]]></wp:post_password>
		<wp:is_sticky>0</wp:is_sticky>
		<category domain="nav_menu" nicename="main-menu"><![CDATA[Main Menu]]></category>
		<wp:postmeta>
			<wp:meta_key><![CDATA[_menu_item_type]]></wp:meta_key>
			<wp:meta_value><![CDATA[post_type]]></wp:meta_value>
		</wp:postmeta>
		<wp:postmeta>
			<wp:meta_key><![CDATA[_menu_item_menu_item_parent]]></wp:meta_key>
			<wp:meta_value><![CDATA[0]]></wp:meta_value>
		</wp:postmeta>
		<wp:postmeta>
			<wp:meta_key><![CDATA[_menu_item_object_id]]></wp:meta_key>
			<wp:meta_value><![CDATA[552]]></wp:meta_value>
		</wp:postmeta>
		<wp:postmeta>
			<wp:meta_key><![CDATA[_menu_item_object]]></wp:meta_key>
			<wp:meta_value><![CDATA[page]]></wp:meta_value>
		</wp:postmeta>
		<wp:postmeta>
			<wp:meta_key><![CDATA[_menu_item_target]]></wp:meta_key>
			<wp:meta_value><![CDATA[]]></wp:meta_value>
		</wp:postmeta>
		<wp:postmeta>
			<wp:meta_key><![CDATA[_menu_item_classes]]></wp:meta_key>
			<wp:meta_value><![CDATA[a:1:{i:0;s:0:"";}]]></wp:meta_value>
		</wp:postmeta>
		<wp:postmeta>
			<wp:meta_key><![CDATA[_menu_item_xfn]]></wp:meta_key>
			<wp:meta_value><![CDATA[]]></wp:meta_value>
		</wp:postmeta>
		<wp:postmeta>
			<wp:meta_key><![CDATA[_menu_item_url]]></wp:meta_key>
			<wp:meta_value><![CDATA[]]></wp:meta_value>
		</wp:postmeta>
	</item>
	<item>
		<title>TOUR LEADERS</title>
		<link>http://localhost:8888/wordpress/561/</link>
		<pubDate>Wed, 25 Oct 2017 14:21:27 +0000</pubDate>
		<dc:creator><![CDATA[hrmoore927]]></dc:creator>
		<guid isPermaLink="false">http://localhost:8888/wordpress/?p=561</guid>
		<description></description>
		<content:encoded><![CDATA[]]></content:encoded>
		<excerpt:encoded><![CDATA[]]></excerpt:encoded>
		<wp:post_id>561</wp:post_id>
		<wp:post_date><![CDATA[2017-10-25 10:21:27]]></wp:post_date>
		<wp:post_date_gmt><![CDATA[2017-10-25 14:21:27]]></wp:post_date_gmt>
		<wp:comment_status><![CDATA[closed]]></wp:comment_status>
		<wp:ping_status><![CDATA[closed]]></wp:ping_status>
		<wp:post_name><![CDATA[561]]></wp:post_name>
		<wp:status><![CDATA[publish]]></wp:status>
		<wp:post_parent>0</wp:post_parent>
		<wp:menu_order>4</wp:menu_order>
		<wp:post_type><![CDATA[nav_menu_item]]></wp:post_type>
		<wp:post_password><![CDATA[]]></wp:post_password>
		<wp:is_sticky>0</wp:is_sticky>
		<category domain="nav_menu" nicename="main-menu"><![CDATA[Main Menu]]></category>
		<wp:postmeta>
			<wp:meta_key><![CDATA[_menu_item_type]]></wp:meta_key>
			<wp:meta_value><![CDATA[post_type]]></wp:meta_value>
		</wp:postmeta>
		<wp:postmeta>
			<wp:meta_key><![CDATA[_menu_item_menu_item_parent]]></wp:meta_key>
			<wp:meta_value><![CDATA[0]]></wp:meta_value>
		</wp:postmeta>
		<wp:postmeta>
			<wp:meta_key><![CDATA[_menu_item_object_id]]></wp:meta_key>
			<wp:meta_value><![CDATA[550]]></wp:meta_value>
		</wp:postmeta>
		<wp:postmeta>
			<wp:meta_key><![CDATA[_menu_item_object]]></wp:meta_key>
			<wp:meta_value><![CDATA[page]]></wp:meta_value>
		</wp:postmeta>
		<wp:postmeta>
			<wp:meta_key><![CDATA[_menu_item_target]]></wp:meta_key>
			<wp:meta_value><![CDATA[]]></wp:meta_value>
		</wp:postmeta>
		<wp:postmeta>
			<wp:meta_key><![CDATA[_menu_item_classes]]></wp:meta_key>
			<wp:meta_value><![CDATA[a:1:{i:0;s:0:"";}]]></wp:meta_value>
		</wp:postmeta>
		<wp:postmeta>
			<wp:meta_key><![CDATA[_menu_item_xfn]]></wp:meta_key>
			<wp:meta_value><![CDATA[]]></wp:meta_value>
		</wp:postmeta>
		<wp:postmeta>
			<wp:meta_key><![CDATA[_menu_item_url]]></wp:meta_key>
			<wp:meta_value><![CDATA[]]></wp:meta_value>
		</wp:postmeta>
	</item>
	<item>
		<title>TOUR TYPES</title>
		<link>http://localhost:8888/wordpress/562/</link>
		<pubDate>Wed, 25 Oct 2017 14:21:27 +0000</pubDate>
		<dc:creator><![CDATA[hrmoore927]]></dc:creator>
		<guid isPermaLink="false">http://localhost:8888/wordpress/?p=562</guid>
		<description></description>
		<content:encoded><![CDATA[]]></content:encoded>
		<excerpt:encoded><![CDATA[]]></excerpt:encoded>
		<wp:post_id>562</wp:post_id>
		<wp:post_date><![CDATA[2017-10-25 10:21:27]]></wp:post_date>
		<wp:post_date_gmt><![CDATA[2017-10-25 14:21:27]]></wp:post_date_gmt>
		<wp:comment_status><![CDATA[closed]]></wp:comment_status>
		<wp:ping_status><![CDATA[closed]]></wp:ping_status>
		<wp:post_name><![CDATA[562]]></wp:post_name>
		<wp:status><![CDATA[publish]]></wp:status>
		<wp:post_parent>0</wp:post_parent>
		<wp:menu_order>3</wp:menu_order>
		<wp:post_type><![CDATA[nav_menu_item]]></wp:post_type>
		<wp:post_password><![CDATA[]]></wp:post_password>
		<wp:is_sticky>0</wp:is_sticky>
		<category domain="nav_menu" nicename="main-menu"><![CDATA[Main Menu]]></category>
		<wp:postmeta>
			<wp:meta_key><![CDATA[_menu_item_type]]></wp:meta_key>
			<wp:meta_value><![CDATA[post_type]]></wp:meta_value>
		</wp:postmeta>
		<wp:postmeta>
			<wp:meta_key><![CDATA[_menu_item_menu_item_parent]]></wp:meta_key>
			<wp:meta_value><![CDATA[0]]></wp:meta_value>
		</wp:postmeta>
		<wp:postmeta>
			<wp:meta_key><![CDATA[_menu_item_object_id]]></wp:meta_key>
			<wp:meta_value><![CDATA[548]]></wp:meta_value>
		</wp:postmeta>
		<wp:postmeta>
			<wp:meta_key><![CDATA[_menu_item_object]]></wp:meta_key>
			<wp:meta_value><![CDATA[page]]></wp:meta_value>
		</wp:postmeta>
		<wp:postmeta>
			<wp:meta_key><![CDATA[_menu_item_target]]></wp:meta_key>
			<wp:meta_value><![CDATA[]]></wp:meta_value>
		</wp:postmeta>
		<wp:postmeta>
			<wp:meta_key><![CDATA[_menu_item_classes]]></wp:meta_key>
			<wp:meta_value><![CDATA[a:1:{i:0;s:0:"";}]]></wp:meta_value>
		</wp:postmeta>
		<wp:postmeta>
			<wp:meta_key><![CDATA[_menu_item_xfn]]></wp:meta_key>
			<wp:meta_value><![CDATA[]]></wp:meta_value>
		</wp:postmeta>
		<wp:postmeta>
			<wp:meta_key><![CDATA[_menu_item_url]]></wp:meta_key>
			<wp:meta_value><![CDATA[]]></wp:meta_value>
		</wp:postmeta>
	</item>
	<item>
		<title>DESTINATIONS</title>
		<link>http://localhost:8888/wordpress/564/</link>
		<pubDate>Wed, 25 Oct 2017 14:21:27 +0000</pubDate>
		<dc:creator><![CDATA[hrmoore927]]></dc:creator>
		<guid isPermaLink="false">http://localhost:8888/wordpress/?p=564</guid>
		<description></description>
		<content:encoded><![CDATA[]]></content:encoded>
		<excerpt:encoded><![CDATA[]]></excerpt:encoded>
		<wp:post_id>564</wp:post_id>
		<wp:post_date><![CDATA[2017-10-25 10:21:27]]></wp:post_date>
		<wp:post_date_gmt><![CDATA[2017-10-25 14:21:27]]></wp:post_date_gmt>
		<wp:comment_status><![CDATA[closed]]></wp:comment_status>
		<wp:ping_status><![CDATA[closed]]></wp:ping_status>
		<wp:post_name><![CDATA[564]]></wp:post_name>
		<wp:status><![CDATA[publish]]></wp:status>
		<wp:post_parent>0</wp:post_parent>
		<wp:menu_order>1</wp:menu_order>
		<wp:post_type><![CDATA[nav_menu_item]]></wp:post_type>
		<wp:post_password><![CDATA[]]></wp:post_password>
		<wp:is_sticky>0</wp:is_sticky>
		<category domain="nav_menu" nicename="main-menu"><![CDATA[Main Menu]]></category>
		<wp:postmeta>
			<wp:meta_key><![CDATA[_menu_item_type]]></wp:meta_key>
			<wp:meta_value><![CDATA[post_type]]></wp:meta_value>
		</wp:postmeta>
		<wp:postmeta>
			<wp:meta_key><![CDATA[_menu_item_menu_item_parent]]></wp:meta_key>
			<wp:meta_value><![CDATA[0]]></wp:meta_value>
		</wp:postmeta>
		<wp:postmeta>
			<wp:meta_key><![CDATA[_menu_item_object_id]]></wp:meta_key>
			<wp:meta_value><![CDATA[544]]></wp:meta_value>
		</wp:postmeta>
		<wp:postmeta>
			<wp:meta_key><![CDATA[_menu_item_object]]></wp:meta_key>
			<wp:meta_value><![CDATA[page]]></wp:meta_value>
		</wp:postmeta>
		<wp:postmeta>
			<wp:meta_key><![CDATA[_menu_item_target]]></wp:meta_key>
			<wp:meta_value><![CDATA[]]></wp:meta_value>
		</wp:postmeta>
		<wp:postmeta>
			<wp:meta_key><![CDATA[_menu_item_classes]]></wp:meta_key>
			<wp:meta_value><![CDATA[a:1:{i:0;s:0:"";}]]></wp:meta_value>
		</wp:postmeta>
		<wp:postmeta>
			<wp:meta_key><![CDATA[_menu_item_xfn]]></wp:meta_key>
			<wp:meta_value><![CDATA[]]></wp:meta_value>
		</wp:postmeta>
		<wp:postmeta>
			<wp:meta_key><![CDATA[_menu_item_url]]></wp:meta_key>
			<wp:meta_value><![CDATA[]]></wp:meta_value>
		</wp:postmeta>
	</item>
	<item>
		<title>SPECIES</title>
		<link>http://localhost:8888/wordpress/species/</link>
		<pubDate>Wed, 25 Oct 2017 14:29:17 +0000</pubDate>
		<dc:creator><![CDATA[hrmoore927]]></dc:creator>
		<guid isPermaLink="false">http://localhost:8888/wordpress/?p=571</guid>
		<description></description>
		<content:encoded><![CDATA[]]></content:encoded>
		<excerpt:encoded><![CDATA[]]></excerpt:encoded>
		<wp:post_id>571</wp:post_id>
		<wp:post_date><![CDATA[2017-10-25 10:29:17]]></wp:post_date>
		<wp:post_date_gmt><![CDATA[2017-10-25 14:29:17]]></wp:post_date_gmt>
		<wp:comment_status><![CDATA[closed]]></wp:comment_status>
		<wp:ping_status><![CDATA[closed]]></wp:ping_status>
		<wp:post_name><![CDATA[species]]></wp:post_name>
		<wp:status><![CDATA[publish]]></wp:status>
		<wp:post_parent>0</wp:post_parent>
		<wp:menu_order>2</wp:menu_order>
		<wp:post_type><![CDATA[nav_menu_item]]></wp:post_type>
		<wp:post_password><![CDATA[]]></wp:post_password>
		<wp:is_sticky>0</wp:is_sticky>
		<category domain="nav_menu" nicename="main-menu"><![CDATA[Main Menu]]></category>
		<wp:postmeta>
			<wp:meta_key><![CDATA[_menu_item_type]]></wp:meta_key>
			<wp:meta_value><![CDATA[post_type]]></wp:meta_value>
		</wp:postmeta>
		<wp:postmeta>
			<wp:meta_key><![CDATA[_menu_item_menu_item_parent]]></wp:meta_key>
			<wp:meta_value><![CDATA[0]]></wp:meta_value>
		</wp:postmeta>
		<wp:postmeta>
			<wp:meta_key><![CDATA[_menu_item_object_id]]></wp:meta_key>
			<wp:meta_value><![CDATA[483]]></wp:meta_value>
		</wp:postmeta>
		<wp:postmeta>
			<wp:meta_key><![CDATA[_menu_item_object]]></wp:meta_key>
			<wp:meta_value><![CDATA[page]]></wp:meta_value>
		</wp:postmeta>
		<wp:postmeta>
			<wp:meta_key><![CDATA[_menu_item_target]]></wp:meta_key>
			<wp:meta_value><![CDATA[]]></wp:meta_value>
		</wp:postmeta>
		<wp:postmeta>
			<wp:meta_key><![CDATA[_menu_item_classes]]></wp:meta_key>
			<wp:meta_value><![CDATA[a:1:{i:0;s:0:"";}]]></wp:meta_value>
		</wp:postmeta>
		<wp:postmeta>
			<wp:meta_key><![CDATA[_menu_item_xfn]]></wp:meta_key>
			<wp:meta_value><![CDATA[]]></wp:meta_value>
		</wp:postmeta>
		<wp:postmeta>
			<wp:meta_key><![CDATA[_menu_item_url]]></wp:meta_key>
			<wp:meta_value><![CDATA[]]></wp:meta_value>
		</wp:postmeta>
	</item>
	<item>
		<title>Articles</title>
		<link>http://localhost:8888/wordpress/articles/</link>
		<pubDate>Thu, 14 Sep 2017 22:49:32 +0000</pubDate>
		<dc:creator><![CDATA[hrmoore927]]></dc:creator>
		<guid isPermaLink="false">http://localhost:8888/wordpress/?page_id=419</guid>
		<description></description>
		<content:encoded><![CDATA[]]></content:encoded>
		<excerpt:encoded><![CDATA[]]></excerpt:encoded>
		<wp:post_id>419</wp:post_id>
		<wp:post_date><![CDATA[2017-09-14 18:49:32]]></wp:post_date>
		<wp:post_date_gmt><![CDATA[2017-09-14 22:49:32]]></wp:post_date_gmt>
		<wp:comment_status><![CDATA[closed]]></wp:comment_status>
		<wp:ping_status><![CDATA[closed]]></wp:ping_status>
		<wp:post_name><![CDATA[articles]]></wp:post_name>
		<wp:status><![CDATA[publish]]></wp:status>
		<wp:post_parent>0</wp:post_parent>
		<wp:menu_order>0</wp:menu_order>
		<wp:post_type><![CDATA[page]]></wp:post_type>
		<wp:post_password><![CDATA[]]></wp:post_password>
		<wp:is_sticky>0</wp:is_sticky>
		<wp:postmeta>
			<wp:meta_key><![CDATA[_edit_last]]></wp:meta_key>
			<wp:meta_value><![CDATA[1]]></wp:meta_value>
		</wp:postmeta>
		<wp:postmeta>
			<wp:meta_key><![CDATA[_wp_page_template]]></wp:meta_key>
			<wp:meta_value><![CDATA[default]]></wp:meta_value>
		</wp:postmeta>
	</item>
	<item>
		<title></title>
		<link>http://localhost:8888/wordpress/</link>
		<pubDate>Mon, 16 Oct 2017 13:58:40 +0000</pubDate>
		<dc:creator><![CDATA[hrmoore927]]></dc:creator>
		<guid isPermaLink="false">http://localhost:8888/wordpress/?page_id=483</guid>
		<description></description>
		<content:encoded><![CDATA[]]></content:encoded>
		<excerpt:encoded><![CDATA[]]></excerpt:encoded>
		<wp:post_id>483</wp:post_id>
		<wp:post_date><![CDATA[2017-10-16 09:58:40]]></wp:post_date>
		<wp:post_date_gmt><![CDATA[2017-10-16 13:58:40]]></wp:post_date_gmt>
		<wp:comment_status><![CDATA[closed]]></wp:comment_status>
		<wp:ping_status><![CDATA[closed]]></wp:ping_status>
		<wp:post_name><![CDATA[nature-tour]]></wp:post_name>
		<wp:status><![CDATA[publish]]></wp:status>
		<wp:post_parent>0</wp:post_parent>
		<wp:menu_order>0</wp:menu_order>
		<wp:post_type><![CDATA[page]]></wp:post_type>
		<wp:post_password><![CDATA[]]></wp:post_password>
		<wp:is_sticky>0</wp:is_sticky>
		<wp:postmeta>
			<wp:meta_key><![CDATA[_edit_last]]></wp:meta_key>
			<wp:meta_value><![CDATA[1]]></wp:meta_value>
		</wp:postmeta>
	</item>
	<item>
		<title>Birds Holidays</title>
		<link>http://localhost:8888/wordpress/birds-holidays/</link>
		<pubDate>Mon, 23 Oct 2017 15:08:17 +0000</pubDate>
		<dc:creator><![CDATA[hrmoore927]]></dc:creator>
		<guid isPermaLink="false">http://localhost:8888/wordpress/?p=495</guid>
		<description></description>
		<content:encoded><![CDATA[We offer one of the largest selections of professionally organised, group bird watching holidays and wildlife tours around the world.

&nbsp;

Lorem ipsum dolor sit amet, deleniti vivendum scripserit ea est. No ius movet fierent philosophia, assum eirmod percipit id vim. Mei ea equidem vituperatoribus, cu usu saepe quaerendum scriptorem, id illud suavitate dissentias vis. Soluta altera delicatissimi est ei. Omittam epicurei nominati quo eu, mea dolorum corpora moderatius ea.

&nbsp;

Quo at phaedrum facilisis appellantur, mel graeco democritum ex. Et per dico evertitur theophrastus. Ea salutatus corrumpit cum, in saepe laudem mea. Pri ea possit gloriatur persecuti. An ceteros nusquam duo, ex nec quis animal aliquip. Clita tractatos principes nec et, erroribus comprehensam qui eu. Sea no minim essent perpetua, sit ei purto mazim possim.]]></content:encoded>
		<excerpt:encoded><![CDATA[We offer one of the largest selections of professionally organised, group bird watching holidays and wildlife tours around the world.]]></excerpt:encoded>
		<wp:post_id>495</wp:post_id>
		<wp:post_date><![CDATA[2017-10-23 11:08:17]]></wp:post_date>
		<wp:post_date_gmt><![CDATA[2017-10-23 15:08:17]]></wp:post_date_gmt>
		<wp:comment_status><![CDATA[open]]></wp:comment_status>
		<wp:ping_status><![CDATA[open]]></wp:ping_status>
		<wp:post_name><![CDATA[birds-holidays]]></wp:post_name>
		<wp:status><![CDATA[publish]]></wp:status>
		<wp:post_parent>0</wp:post_parent>
		<wp:menu_order>0</wp:menu_order>
		<wp:post_type><![CDATA[post]]></wp:post_type>
		<wp:post_password><![CDATA[]]></wp:post_password>
		<wp:is_sticky>0</wp:is_sticky>
		<category domain="category" nicename="guides"><![CDATA[Guides]]></category>
		<wp:postmeta>
			<wp:meta_key><![CDATA[_edit_last]]></wp:meta_key>
			<wp:meta_value><![CDATA[1]]></wp:meta_value>
		</wp:postmeta>
		<wp:postmeta>
			<wp:meta_key><![CDATA[_thumbnail_id]]></wp:meta_key>
			<wp:meta_value><![CDATA[492]]></wp:meta_value>
		</wp:postmeta>
	</item>
	<item>
		<title>Bears Holidays</title>
		<link>http://localhost:8888/wordpress/bears-holidays/</link>
		<pubDate>Tue, 24 Oct 2017 16:23:16 +0000</pubDate>
		<dc:creator><![CDATA[hrmoore927]]></dc:creator>
		<guid isPermaLink="false">http://localhost:8888/wordpress/?p=498</guid>
		<description></description>
		<content:encoded><![CDATA[Our holidays include a number of specially designed bear watching holidays which will provide you with unique opportunities to observe these engaging mammals.

&nbsp;

Lorem ipsum dolor sit amet, deleniti vivendum scripserit ea est. No ius movet fierent philosophia, assum eirmod percipit id vim. Mei ea equidem vituperatoribus, cu usu saepe quaerendum scriptorem, id illud suavitate dissentias vis. Soluta altera delicatissimi est ei. Omittam epicurei nominati quo eu, mea dolorum corpora moderatius ea.

&nbsp;

Quo at phaedrum facilisis appellantur, mel graeco democritum ex. Et per dico evertitur theophrastus. Ea salutatus corrumpit cum, in saepe laudem mea. Pri ea possit gloriatur persecuti. An ceteros nusquam duo, ex nec quis animal aliquip. Clita tractatos principes nec et, erroribus comprehensam qui eu. Sea no minim essent perpetua, sit ei purto mazim possim.]]></content:encoded>
		<excerpt:encoded><![CDATA[Our holidays include a number of specially designed bear watching holidays which will provide you with unique opportunities to observe these engaging mammals.]]></excerpt:encoded>
		<wp:post_id>498</wp:post_id>
		<wp:post_date><![CDATA[2017-10-24 12:23:16]]></wp:post_date>
		<wp:post_date_gmt><![CDATA[2017-10-24 16:23:16]]></wp:post_date_gmt>
		<wp:comment_status><![CDATA[open]]></wp:comment_status>
		<wp:ping_status><![CDATA[open]]></wp:ping_status>
		<wp:post_name><![CDATA[bears-holidays]]></wp:post_name>
		<wp:status><![CDATA[publish]]></wp:status>
		<wp:post_parent>0</wp:post_parent>
		<wp:menu_order>0</wp:menu_order>
		<wp:post_type><![CDATA[post]]></wp:post_type>
		<wp:post_password><![CDATA[]]></wp:post_password>
		<wp:is_sticky>0</wp:is_sticky>
		<category domain="category" nicename="guides"><![CDATA[Guides]]></category>
		<wp:postmeta>
			<wp:meta_key><![CDATA[_edit_last]]></wp:meta_key>
			<wp:meta_value><![CDATA[1]]></wp:meta_value>
		</wp:postmeta>
		<wp:postmeta>
			<wp:meta_key><![CDATA[_thumbnail_id]]></wp:meta_key>
			<wp:meta_value><![CDATA[499]]></wp:meta_value>
		</wp:postmeta>
	</item>
	<item>
		<title>Tiger Holidays</title>
		<link>http://localhost:8888/wordpress/tiger-holiday/</link>
		<pubDate>Tue, 24 Oct 2017 16:29:50 +0000</pubDate>
		<dc:creator><![CDATA[hrmoore927]]></dc:creator>
		<guid isPermaLink="false">http://localhost:8888/wordpress/?p=501</guid>
		<description></description>
		<content:encoded><![CDATA[Naturetour has over 20 years’ experience of leading Tiger holidays to the Indian subcontinent and offers the widest range of holidays available.

&nbsp;

Lorem ipsum dolor sit amet, deleniti vivendum scripserit ea est. No ius movet fierent philosophia, assum eirmod percipit id vim. Mei ea equidem vituperatoribus, cu usu saepe quaerendum scriptorem, id illud suavitate dissentias vis. Soluta altera delicatissimi est ei. Omittam epicurei nominati quo eu, mea dolorum corpora moderatius ea.

&nbsp;

Quo at phaedrum facilisis appellantur, mel graeco democritum ex. Et per dico evertitur theophrastus. Ea salutatus corrumpit cum, in saepe laudem mea. Pri ea possit gloriatur persecuti. An ceteros nusquam duo, ex nec quis animal aliquip. Clita tractatos principes nec et, erroribus comprehensam qui eu. Sea no minim essent perpetua, sit ei purto mazim possim.]]></content:encoded>
		<excerpt:encoded><![CDATA[Naturetour has over 20 years’ experience of leading Tiger holidays to the Indian subcontinent and offers the widest range of holidays available.]]></excerpt:encoded>
		<wp:post_id>501</wp:post_id>
		<wp:post_date><![CDATA[2017-10-24 12:29:50]]></wp:post_date>
		<wp:post_date_gmt><![CDATA[2017-10-24 16:29:50]]></wp:post_date_gmt>
		<wp:comment_status><![CDATA[open]]></wp:comment_status>
		<wp:ping_status><![CDATA[open]]></wp:ping_status>
		<wp:post_name><![CDATA[tiger-holiday]]></wp:post_name>
		<wp:status><![CDATA[publish]]></wp:status>
		<wp:post_parent>0</wp:post_parent>
		<wp:menu_order>0</wp:menu_order>
		<wp:post_type><![CDATA[post]]></wp:post_type>
		<wp:post_password><![CDATA[]]></wp:post_password>
		<wp:is_sticky>0</wp:is_sticky>
		<category domain="category" nicename="guides"><![CDATA[Guides]]></category>
		<wp:postmeta>
			<wp:meta_key><![CDATA[_edit_last]]></wp:meta_key>
			<wp:meta_value><![CDATA[1]]></wp:meta_value>
		</wp:postmeta>
		<wp:postmeta>
			<wp:meta_key><![CDATA[_thumbnail_id]]></wp:meta_key>
			<wp:meta_value><![CDATA[502]]></wp:meta_value>
		</wp:postmeta>
	</item>
	<item>
		<title>Mammals Holidays</title>
		<link>http://localhost:8888/wordpress/mammals-holidays/</link>
		<pubDate>Tue, 24 Oct 2017 16:31:26 +0000</pubDate>
		<dc:creator><![CDATA[hrmoore927]]></dc:creator>
		<guid isPermaLink="false">http://localhost:8888/wordpress/?p=504</guid>
		<description></description>
		<content:encoded><![CDATA[Our range of wildlife holidays offering you the opportunity to see the world’s most sought after mammals can’t be beaten.

&nbsp;

Lorem ipsum dolor sit amet, deleniti vivendum scripserit ea est. No ius movet fierent philosophia, assum eirmod percipit id vim. Mei ea equidem vituperatoribus, cu usu saepe quaerendum scriptorem, id illud suavitate dissentias vis. Soluta altera delicatissimi est ei. Omittam epicurei nominati quo eu, mea dolorum corpora moderatius ea.

&nbsp;

Quo at phaedrum facilisis appellantur, mel graeco democritum ex. Et per dico evertitur theophrastus. Ea salutatus corrumpit cum, in saepe laudem mea. Pri ea possit gloriatur persecuti. An ceteros nusquam duo, ex nec quis animal aliquip. Clita tractatos principes nec et, erroribus comprehensam qui eu. Sea no minim essent perpetua, sit ei purto mazim possim.]]></content:encoded>
		<excerpt:encoded><![CDATA[Our range of wildlife holidays offering you the opportunity to see the world’s most sought after mammals can’t be beaten.]]></excerpt:encoded>
		<wp:post_id>504</wp:post_id>
		<wp:post_date><![CDATA[2017-10-24 12:31:26]]></wp:post_date>
		<wp:post_date_gmt><![CDATA[2017-10-24 16:31:26]]></wp:post_date_gmt>
		<wp:comment_status><![CDATA[open]]></wp:comment_status>
		<wp:ping_status><![CDATA[open]]></wp:ping_status>
		<wp:post_name><![CDATA[mammals-holidays]]></wp:post_name>
		<wp:status><![CDATA[publish]]></wp:status>
		<wp:post_parent>0</wp:post_parent>
		<wp:menu_order>0</wp:menu_order>
		<wp:post_type><![CDATA[post]]></wp:post_type>
		<wp:post_password><![CDATA[]]></wp:post_password>
		<wp:is_sticky>0</wp:is_sticky>
		<category domain="category" nicename="guides"><![CDATA[Guides]]></category>
		<category domain="category" nicename="technical-writings"><![CDATA[Technical Writings]]></category>
		<wp:postmeta>
			<wp:meta_key><![CDATA[_edit_last]]></wp:meta_key>
			<wp:meta_value><![CDATA[1]]></wp:meta_value>
		</wp:postmeta>
		<wp:postmeta>
			<wp:meta_key><![CDATA[_thumbnail_id]]></wp:meta_key>
			<wp:meta_value><![CDATA[505]]></wp:meta_value>
		</wp:postmeta>
	</item>
	<item>
		<title>Dolphins Holidays</title>
		<link>http://localhost:8888/wordpress/dolphins-holidays/</link>
		<pubDate>Tue, 24 Oct 2017 16:33:15 +0000</pubDate>
		<dc:creator><![CDATA[hrmoore927]]></dc:creator>
		<guid isPermaLink="false">http://localhost:8888/wordpress/?p=509</guid>
		<description></description>
		<content:encoded><![CDATA[From UK day trips to 14-day cruises, our programme of whale and dolphin watching holidays is unbeatable … and our selection is expanding fast.

&nbsp;

Lorem ipsum dolor sit amet, deleniti vivendum scripserit ea est. No ius movet fierent philosophia, assum eirmod percipit id vim. Mei ea equidem vituperatoribus, cu usu saepe quaerendum scriptorem, id illud suavitate dissentias vis. Soluta altera delicatissimi est ei. Omittam epicurei nominati quo eu, mea dolorum corpora moderatius ea.

&nbsp;

Quo at phaedrum facilisis appellantur, mel graeco democritum ex. Et per dico evertitur theophrastus. Ea salutatus corrumpit cum, in saepe laudem mea. Pri ea possit gloriatur persecuti. An ceteros nusquam duo, ex nec quis animal aliquip. Clita tractatos principes nec et, erroribus comprehensam qui eu. Sea no minim essent perpetua, sit ei purto mazim possim.]]></content:encoded>
		<excerpt:encoded><![CDATA[From UK day trips to 14-day cruises, our programme of whale and dolphin watching holidays is unbeatable … and our selection is expanding fast.]]></excerpt:encoded>
		<wp:post_id>509</wp:post_id>
		<wp:post_date><![CDATA[2017-10-24 12:33:15]]></wp:post_date>
		<wp:post_date_gmt><![CDATA[2017-10-24 16:33:15]]></wp:post_date_gmt>
		<wp:comment_status><![CDATA[open]]></wp:comment_status>
		<wp:ping_status><![CDATA[open]]></wp:ping_status>
		<wp:post_name><![CDATA[dolphins-holidays]]></wp:post_name>
		<wp:status><![CDATA[publish]]></wp:status>
		<wp:post_parent>0</wp:post_parent>
		<wp:menu_order>0</wp:menu_order>
		<wp:post_type><![CDATA[post]]></wp:post_type>
		<wp:post_password><![CDATA[]]></wp:post_password>
		<wp:is_sticky>0</wp:is_sticky>
		<category domain="category" nicename="guides"><![CDATA[Guides]]></category>
		<wp:postmeta>
			<wp:meta_key><![CDATA[_edit_last]]></wp:meta_key>
			<wp:meta_value><![CDATA[1]]></wp:meta_value>
		</wp:postmeta>
		<wp:postmeta>
			<wp:meta_key><![CDATA[_thumbnail_id]]></wp:meta_key>
			<wp:meta_value><![CDATA[510]]></wp:meta_value>
		</wp:postmeta>
	</item>
	<item>
		<title>Wild Flowers Holidays</title>
		<link>http://localhost:8888/wordpress/wild-flowers-holidays/</link>
		<pubDate>Tue, 24 Oct 2017 16:34:52 +0000</pubDate>
		<dc:creator><![CDATA[hrmoore927]]></dc:creator>
		<guid isPermaLink="false">http://localhost:8888/wordpress/?p=512</guid>
		<description></description>
		<content:encoded><![CDATA[Whether you simply want to enjoy the beauty of flowers or to hunt for particular species we will have a botanical holiday to suit you.

&nbsp;

Lorem ipsum dolor sit amet, deleniti vivendum scripserit ea est. No ius movet fierent philosophia, assum eirmod percipit id vim. Mei ea equidem vituperatoribus, cu usu saepe quaerendum scriptorem, id illud suavitate dissentias vis. Soluta altera delicatissimi est ei. Omittam epicurei nominati quo eu, mea dolorum corpora moderatius ea.

&nbsp;

Quo at phaedrum facilisis appellantur, mel graeco democritum ex. Et per dico evertitur theophrastus. Ea salutatus corrumpit cum, in saepe laudem mea. Pri ea possit gloriatur persecuti. An ceteros nusquam duo, ex nec quis animal aliquip. Clita tractatos principes nec et, erroribus comprehensam qui eu. Sea no minim essent perpetua, sit ei purto mazim possim.]]></content:encoded>
		<excerpt:encoded><![CDATA[Whether you simply want to enjoy the beauty of flowers or to hunt for particular species we will have a botanical holiday to suit you.]]></excerpt:encoded>
		<wp:post_id>512</wp:post_id>
		<wp:post_date><![CDATA[2017-10-24 12:34:52]]></wp:post_date>
		<wp:post_date_gmt><![CDATA[2017-10-24 16:34:52]]></wp:post_date_gmt>
		<wp:comment_status><![CDATA[open]]></wp:comment_status>
		<wp:ping_status><![CDATA[open]]></wp:ping_status>
		<wp:post_name><![CDATA[wild-flowers-holidays]]></wp:post_name>
		<wp:status><![CDATA[publish]]></wp:status>
		<wp:post_parent>0</wp:post_parent>
		<wp:menu_order>0</wp:menu_order>
		<wp:post_type><![CDATA[post]]></wp:post_type>
		<wp:post_password><![CDATA[]]></wp:post_password>
		<wp:is_sticky>0</wp:is_sticky>
		<category domain="category" nicename="guides"><![CDATA[Guides]]></category>
		<category domain="category" nicename="technical-writings"><![CDATA[Technical Writings]]></category>
		<wp:postmeta>
			<wp:meta_key><![CDATA[_edit_last]]></wp:meta_key>
			<wp:meta_value><![CDATA[1]]></wp:meta_value>
		</wp:postmeta>
		<wp:postmeta>
			<wp:meta_key><![CDATA[_thumbnail_id]]></wp:meta_key>
			<wp:meta_value><![CDATA[513]]></wp:meta_value>
		</wp:postmeta>
	</item>
	<item>
		<title>How to Book</title>
		<link>http://localhost:8888/wordpress/how-to-book/</link>
		<pubDate>Wed, 25 Oct 2017 14:00:38 +0000</pubDate>
		<dc:creator><![CDATA[hrmoore927]]></dc:creator>
		<guid isPermaLink="false">http://localhost:8888/wordpress/?page_id=532</guid>
		<description></description>
		<content:encoded><![CDATA[This page tells you how to book a tour.]]></content:encoded>
		<excerpt:encoded><![CDATA[]]></excerpt:encoded>
		<wp:post_id>532</wp:post_id>
		<wp:post_date><![CDATA[2017-10-25 10:00:38]]></wp:post_date>
		<wp:post_date_gmt><![CDATA[2017-10-25 14:00:38]]></wp:post_date_gmt>
		<wp:comment_status><![CDATA[closed]]></wp:comment_status>
		<wp:ping_status><![CDATA[closed]]></wp:ping_status>
		<wp:post_name><![CDATA[how-to-book]]></wp:post_name>
		<wp:status><![CDATA[publish]]></wp:status>
		<wp:post_parent>0</wp:post_parent>
		<wp:menu_order>0</wp:menu_order>
		<wp:post_type><![CDATA[page]]></wp:post_type>
		<wp:post_password><![CDATA[]]></wp:post_password>
		<wp:is_sticky>0</wp:is_sticky>
		<wp:postmeta>
			<wp:meta_key><![CDATA[_edit_last]]></wp:meta_key>
			<wp:meta_value><![CDATA[1]]></wp:meta_value>
		</wp:postmeta>
	</item>
	<item>
		<title>FAQ</title>
		<link>http://localhost:8888/wordpress/faq/</link>
		<pubDate>Wed, 25 Oct 2017 14:01:07 +0000</pubDate>
		<dc:creator><![CDATA[hrmoore927]]></dc:creator>
		<guid isPermaLink="false">http://localhost:8888/wordpress/?page_id=534</guid>
		<description></description>
		<content:encoded><![CDATA[Here is the FAQ page.]]></content:encoded>
		<excerpt:encoded><![CDATA[]]></excerpt:encoded>
		<wp:post_id>534</wp:post_id>
		<wp:post_date><![CDATA[2017-10-25 10:01:07]]></wp:post_date>
		<wp:post_date_gmt><![CDATA[2017-10-25 14:01:07]]></wp:post_date_gmt>
		<wp:comment_status><![CDATA[closed]]></wp:comment_status>
		<wp:ping_status><![CDATA[closed]]></wp:ping_status>
		<wp:post_name><![CDATA[faq]]></wp:post_name>
		<wp:status><![CDATA[publish]]></wp:status>
		<wp:post_parent>0</wp:post_parent>
		<wp:menu_order>0</wp:menu_order>
		<wp:post_type><![CDATA[page]]></wp:post_type>
		<wp:post_password><![CDATA[]]></wp:post_password>
		<wp:is_sticky>0</wp:is_sticky>
		<wp:postmeta>
			<wp:meta_key><![CDATA[_edit_last]]></wp:meta_key>
			<wp:meta_value><![CDATA[1]]></wp:meta_value>
		</wp:postmeta>
	</item>
	<item>
		<title>Visit Us</title>
		<link>http://localhost:8888/wordpress/visit-us/</link>
		<pubDate>Wed, 25 Oct 2017 14:04:39 +0000</pubDate>
		<dc:creator><![CDATA[hrmoore927]]></dc:creator>
		<guid isPermaLink="false">http://localhost:8888/wordpress/?page_id=536</guid>
		<description></description>
		<content:encoded><![CDATA[Here is how to visit us.]]></content:encoded>
		<excerpt:encoded><![CDATA[]]></excerpt:encoded>
		<wp:post_id>536</wp:post_id>
		<wp:post_date><![CDATA[2017-10-25 10:04:39]]></wp:post_date>
		<wp:post_date_gmt><![CDATA[2017-10-25 14:04:39]]></wp:post_date_gmt>
		<wp:comment_status><![CDATA[closed]]></wp:comment_status>
		<wp:ping_status><![CDATA[closed]]></wp:ping_status>
		<wp:post_name><![CDATA[visit-us]]></wp:post_name>
		<wp:status><![CDATA[publish]]></wp:status>
		<wp:post_parent>0</wp:post_parent>
		<wp:menu_order>0</wp:menu_order>
		<wp:post_type><![CDATA[page]]></wp:post_type>
		<wp:post_password><![CDATA[]]></wp:post_password>
		<wp:is_sticky>0</wp:is_sticky>
		<wp:postmeta>
			<wp:meta_key><![CDATA[_edit_last]]></wp:meta_key>
			<wp:meta_value><![CDATA[1]]></wp:meta_value>
		</wp:postmeta>
	</item>
	<item>
		<title>Contact Us</title>
		<link>http://localhost:8888/wordpress/contact-us/</link>
		<pubDate>Wed, 25 Oct 2017 14:05:00 +0000</pubDate>
		<dc:creator><![CDATA[hrmoore927]]></dc:creator>
		<guid isPermaLink="false">http://localhost:8888/wordpress/?page_id=538</guid>
		<description></description>
		<content:encoded><![CDATA[Here is all of our contact info.]]></content:encoded>
		<excerpt:encoded><![CDATA[]]></excerpt:encoded>
		<wp:post_id>538</wp:post_id>
		<wp:post_date><![CDATA[2017-10-25 10:05:00]]></wp:post_date>
		<wp:post_date_gmt><![CDATA[2017-10-25 14:05:00]]></wp:post_date_gmt>
		<wp:comment_status><![CDATA[closed]]></wp:comment_status>
		<wp:ping_status><![CDATA[closed]]></wp:ping_status>
		<wp:post_name><![CDATA[contact-us]]></wp:post_name>
		<wp:status><![CDATA[publish]]></wp:status>
		<wp:post_parent>0</wp:post_parent>
		<wp:menu_order>0</wp:menu_order>
		<wp:post_type><![CDATA[page]]></wp:post_type>
		<wp:post_password><![CDATA[]]></wp:post_password>
		<wp:is_sticky>0</wp:is_sticky>
		<wp:postmeta>
			<wp:meta_key><![CDATA[_edit_last]]></wp:meta_key>
			<wp:meta_value><![CDATA[1]]></wp:meta_value>
		</wp:postmeta>
	</item>
	<item>
		<title>Destinations</title>
		<link>http://localhost:8888/wordpress/destinations/</link>
		<pubDate>Wed, 25 Oct 2017 14:18:19 +0000</pubDate>
		<dc:creator><![CDATA[hrmoore927]]></dc:creator>
		<guid isPermaLink="false">http://localhost:8888/wordpress/?page_id=544</guid>
		<description></description>
		<content:encoded><![CDATA[Placeholder for the Destinations page.]]></content:encoded>
		<excerpt:encoded><![CDATA[]]></excerpt:encoded>
		<wp:post_id>544</wp:post_id>
		<wp:post_date><![CDATA[2017-10-25 10:18:19]]></wp:post_date>
		<wp:post_date_gmt><![CDATA[2017-10-25 14:18:19]]></wp:post_date_gmt>
		<wp:comment_status><![CDATA[closed]]></wp:comment_status>
		<wp:ping_status><![CDATA[closed]]></wp:ping_status>
		<wp:post_name><![CDATA[destinations]]></wp:post_name>
		<wp:status><![CDATA[publish]]></wp:status>
		<wp:post_parent>0</wp:post_parent>
		<wp:menu_order>0</wp:menu_order>
		<wp:post_type><![CDATA[page]]></wp:post_type>
		<wp:post_password><![CDATA[]]></wp:post_password>
		<wp:is_sticky>0</wp:is_sticky>
		<wp:postmeta>
			<wp:meta_key><![CDATA[_edit_last]]></wp:meta_key>
			<wp:meta_value><![CDATA[1]]></wp:meta_value>
		</wp:postmeta>
	</item>
	<item>
		<title>Tour Types</title>
		<link>http://localhost:8888/wordpress/tour-types/</link>
		<pubDate>Wed, 25 Oct 2017 14:18:44 +0000</pubDate>
		<dc:creator><![CDATA[hrmoore927]]></dc:creator>
		<guid isPermaLink="false">http://localhost:8888/wordpress/?page_id=548</guid>
		<description></description>
		<content:encoded><![CDATA[Placeholder for the Tour Types page.]]></content:encoded>
		<excerpt:encoded><![CDATA[]]></excerpt:encoded>
		<wp:post_id>548</wp:post_id>
		<wp:post_date><![CDATA[2017-10-25 10:18:44]]></wp:post_date>
		<wp:post_date_gmt><![CDATA[2017-10-25 14:18:44]]></wp:post_date_gmt>
		<wp:comment_status><![CDATA[closed]]></wp:comment_status>
		<wp:ping_status><![CDATA[closed]]></wp:ping_status>
		<wp:post_name><![CDATA[tour-types]]></wp:post_name>
		<wp:status><![CDATA[publish]]></wp:status>
		<wp:post_parent>0</wp:post_parent>
		<wp:menu_order>0</wp:menu_order>
		<wp:post_type><![CDATA[page]]></wp:post_type>
		<wp:post_password><![CDATA[]]></wp:post_password>
		<wp:is_sticky>0</wp:is_sticky>
		<wp:postmeta>
			<wp:meta_key><![CDATA[_edit_last]]></wp:meta_key>
			<wp:meta_value><![CDATA[1]]></wp:meta_value>
		</wp:postmeta>
	</item>
	<item>
		<title>Tour Leaders</title>
		<link>http://localhost:8888/wordpress/tour-leaders/</link>
		<pubDate>Wed, 25 Oct 2017 14:18:58 +0000</pubDate>
		<dc:creator><![CDATA[hrmoore927]]></dc:creator>
		<guid isPermaLink="false">http://localhost:8888/wordpress/?page_id=550</guid>
		<description></description>
		<content:encoded><![CDATA[Placeholder for the Tour Leaders page.]]></content:encoded>
		<excerpt:encoded><![CDATA[]]></excerpt:encoded>
		<wp:post_id>550</wp:post_id>
		<wp:post_date><![CDATA[2017-10-25 10:18:58]]></wp:post_date>
		<wp:post_date_gmt><![CDATA[2017-10-25 14:18:58]]></wp:post_date_gmt>
		<wp:comment_status><![CDATA[closed]]></wp:comment_status>
		<wp:ping_status><![CDATA[closed]]></wp:ping_status>
		<wp:post_name><![CDATA[tour-leaders]]></wp:post_name>
		<wp:status><![CDATA[publish]]></wp:status>
		<wp:post_parent>0</wp:post_parent>
		<wp:menu_order>0</wp:menu_order>
		<wp:post_type><![CDATA[page]]></wp:post_type>
		<wp:post_password><![CDATA[]]></wp:post_password>
		<wp:is_sticky>0</wp:is_sticky>
		<wp:postmeta>
			<wp:meta_key><![CDATA[_edit_last]]></wp:meta_key>
			<wp:meta_value><![CDATA[1]]></wp:meta_value>
		</wp:postmeta>
	</item>
	<item>
		<title>Late Availability</title>
		<link>http://localhost:8888/wordpress/late-availability/</link>
		<pubDate>Wed, 25 Oct 2017 14:19:23 +0000</pubDate>
		<dc:creator><![CDATA[hrmoore927]]></dc:creator>
		<guid isPermaLink="false">http://localhost:8888/wordpress/?page_id=552</guid>
		<description></description>
		<content:encoded><![CDATA[Placeholder for the Late Availability page.]]></content:encoded>
		<excerpt:encoded><![CDATA[]]></excerpt:encoded>
		<wp:post_id>552</wp:post_id>
		<wp:post_date><![CDATA[2017-10-25 10:19:23]]></wp:post_date>
		<wp:post_date_gmt><![CDATA[2017-10-25 14:19:23]]></wp:post_date_gmt>
		<wp:comment_status><![CDATA[closed]]></wp:comment_status>
		<wp:ping_status><![CDATA[closed]]></wp:ping_status>
		<wp:post_name><![CDATA[late-availability]]></wp:post_name>
		<wp:status><![CDATA[publish]]></wp:status>
		<wp:post_parent>0</wp:post_parent>
		<wp:menu_order>0</wp:menu_order>
		<wp:post_type><![CDATA[page]]></wp:post_type>
		<wp:post_password><![CDATA[]]></wp:post_password>
		<wp:is_sticky>0</wp:is_sticky>
		<wp:postmeta>
			<wp:meta_key><![CDATA[_edit_last]]></wp:meta_key>
			<wp:meta_value><![CDATA[1]]></wp:meta_value>
		</wp:postmeta>
	</item>
	<item>
		<title>Latest News</title>
		<link>http://localhost:8888/wordpress/latest-news/</link>
		<pubDate>Wed, 25 Oct 2017 14:19:38 +0000</pubDate>
		<dc:creator><![CDATA[hrmoore927]]></dc:creator>
		<guid isPermaLink="false">http://localhost:8888/wordpress/?page_id=554</guid>
		<description></description>
		<content:encoded><![CDATA[Placeholder for the Latest News page.]]></content:encoded>
		<excerpt:encoded><![CDATA[]]></excerpt:encoded>
		<wp:post_id>554</wp:post_id>
		<wp:post_date><![CDATA[2017-10-25 10:19:38]]></wp:post_date>
		<wp:post_date_gmt><![CDATA[2017-10-25 14:19:38]]></wp:post_date_gmt>
		<wp:comment_status><![CDATA[closed]]></wp:comment_status>
		<wp:ping_status><![CDATA[closed]]></wp:ping_status>
		<wp:post_name><![CDATA[latest-news]]></wp:post_name>
		<wp:status><![CDATA[publish]]></wp:status>
		<wp:post_parent>0</wp:post_parent>
		<wp:menu_order>0</wp:menu_order>
		<wp:post_type><![CDATA[page]]></wp:post_type>
		<wp:post_password><![CDATA[]]></wp:post_password>
		<wp:is_sticky>0</wp:is_sticky>
		<wp:postmeta>
			<wp:meta_key><![CDATA[_edit_last]]></wp:meta_key>
			<wp:meta_value><![CDATA[1]]></wp:meta_value>
		</wp:postmeta>
	</item>
	<item>
		<title>About Us</title>
		<link>http://localhost:8888/wordpress/about-us/</link>
		<pubDate>Wed, 25 Oct 2017 14:19:51 +0000</pubDate>
		<dc:creator><![CDATA[hrmoore927]]></dc:creator>
		<guid isPermaLink="false">http://localhost:8888/wordpress/?page_id=556</guid>
		<description></description>
		<content:encoded><![CDATA[Placeholder for the About Us page.]]></content:encoded>
		<excerpt:encoded><![CDATA[]]></excerpt:encoded>
		<wp:post_id>556</wp:post_id>
		<wp:post_date><![CDATA[2017-10-25 10:19:51]]></wp:post_date>
		<wp:post_date_gmt><![CDATA[2017-10-25 14:19:51]]></wp:post_date_gmt>
		<wp:comment_status><![CDATA[closed]]></wp:comment_status>
		<wp:ping_status><![CDATA[closed]]></wp:ping_status>
		<wp:post_name><![CDATA[about-us]]></wp:post_name>
		<wp:status><![CDATA[publish]]></wp:status>
		<wp:post_parent>0</wp:post_parent>
		<wp:menu_order>0</wp:menu_order>
		<wp:post_type><![CDATA[page]]></wp:post_type>
		<wp:post_password><![CDATA[]]></wp:post_password>
		<wp:is_sticky>0</wp:is_sticky>
		<wp:postmeta>
			<wp:meta_key><![CDATA[_edit_last]]></wp:meta_key>
			<wp:meta_value><![CDATA[1]]></wp:meta_value>
		</wp:postmeta>
	</item>
	<item>
		<title>Post Archives</title>
		<link>http://localhost:8888/wordpress/post-archives/</link>
		<pubDate>Mon, 30 Oct 2017 13:29:05 +0000</pubDate>
		<dc:creator><![CDATA[hrmoore927]]></dc:creator>
		<guid isPermaLink="false">http://localhost:8888/wordpress/?page_id=578</guid>
		<description></description>
		<content:encoded><![CDATA[]]></content:encoded>
		<excerpt:encoded><![CDATA[]]></excerpt:encoded>
		<wp:post_id>578</wp:post_id>
		<wp:post_date><![CDATA[2017-10-30 09:29:05]]></wp:post_date>
		<wp:post_date_gmt><![CDATA[2017-10-30 13:29:05]]></wp:post_date_gmt>
		<wp:comment_status><![CDATA[closed]]></wp:comment_status>
		<wp:ping_status><![CDATA[closed]]></wp:ping_status>
		<wp:post_name><![CDATA[post-archives]]></wp:post_name>
		<wp:status><![CDATA[publish]]></wp:status>
		<wp:post_parent>0</wp:post_parent>
		<wp:menu_order>0</wp:menu_order>
		<wp:post_type><![CDATA[page]]></wp:post_type>
		<wp:post_password><![CDATA[]]></wp:post_password>
		<wp:is_sticky>0</wp:is_sticky>
		<wp:postmeta>
			<wp:meta_key><![CDATA[_edit_last]]></wp:meta_key>
			<wp:meta_value><![CDATA[1]]></wp:meta_value>
		</wp:postmeta>
		<wp:postmeta>
			<wp:meta_key><![CDATA[_wp_page_template]]></wp:meta_key>
			<wp:meta_value><![CDATA[default]]></wp:meta_value>
		</wp:postmeta>
	</item>
</channel>
</rss>
